id,f90,mean,var_resid,smul
000000,0.846062,0.457556,0.01074030,0.169757
000001,0.828714,0.450363,0.00879558,0.164867
000002,0.830113,0.442507,0.01212965,0.218272
000003,0.843063,0.456118,0.00859248,0.186846
000004,1.092550,0.409751,0.00832229,0.191647
000005,1.104025,0.350373,0.00589317,0.184794
000006,0.605204,0.493141,0.01124686,0.189160
000007,0.335938,0.667505,0.02165410,0.206398
000008,0.312695,0.467734,0.01065500,0.200742
000009,0.881982,0.575419,0.01154400,0.143418
000010,0.854568,0.556094,0.01186575,0.150952
000011,0.947376,0.547985,0.01189718,0.163285
000012,0.348423,0.422203,0.00873389,0.195107
000013,0.626220,0.453030,0.01021497,0.207217
000014,0.800124,0.477228,0.00971175,0.207233
000015,0.501524,0.419915,0.00821173,0.198046
000016,0.784563,0.389974,0.00570379,0.163398
000017,0.704686,0.379293,0.00604339,0.182089
000018,0.688432,0.467802,0.00893623,0.158573
000019,0.622063,0.466505,0.00967733,0.174635
000020,0.531480,0.401880,0.00864175,0.181228
000021,0.802295,0.438651,0.00755983,0.176163
000022,0.823728,0.447352,0.01089858,0.207841
000023,0.806619,0.483824,0.01036898,0.181136
000024,0.159344,0.604556,0.02074611,0.220713
000025,0.146784,0.596083,0.02182333,0.221678
000026,0.245193,0.509546,0.00920451,0.163625
000027,1.118580,0.525185,0.01805709,0.218499
000028,0.987470,0.510492,0.00871562,0.169250
000029,0.555622,0.464180,0.01131962,0.219315
000030,0.713679,0.426808,0.00675931,0.166034
000031,0.769482,0.386206,0.00753454,0.203210
000032,0.580496,0.392677,0.00625881,0.182849
000033,0.997464,0.314441,0.00592004,0.199671
000034,1.025076,0.396050,0.00820092,0.204068
000035,0.975687,0.384318,0.01039253,0.231267
000036,0.850415,0.470278,0.01286684,0.227425
000037,0.698247,0.435365,0.00773868,0.186617
000038,0.867188,0.475722,0.00982155,0.182544
000039,1.120324,0.444412,0.01141672,0.191188
000040,1.119398,0.539640,0.01601785,0.184495
000041,0.974905,0.454330,0.00873704,0.175706
000042,0.510211,0.433620,0.01228671,0.201231
000043,0.311130,0.388844,0.01132357,0.204271
000044,0.611425,0.455656,0.01094036,0.182389
000045,0.447432,0.478867,0.00835353,0.180684
000046,0.181210,0.437384,0.00622173,0.151981
000047,0.216647,0.438757,0.00750407,0.185811
000048,0.704209,0.457414,0.00734074,0.165431
000049,0.789990,0.397006,0.00687910,0.164313
000050,0.686434,0.423678,0.00713186,0.189793
000051,0.125973,0.444334,0.00697066,0.168138
000052,0.143418,0.424972,0.00844370,0.204623
000053,0.134865,0.440198,0.00698302,0.167658
000054,0.458548,0.621197,0.01624062,0.179791
000055,0.560108,0.612308,0.01229177,0.160037
000056,0.544022,0.630131,0.01802614,0.199080
000057,0.917096,0.440173,0.01113487,0.216802
000058,0.922405,0.444833,0.00972471,0.200238
000059,0.905880,0.444608,0.01152709,0.218476
000060,0.828309,0.388192,0.00652408,0.200945
000061,0.847395,0.372520,0.00560363,0.187386
000062,0.674459,0.390261,0.00933342,0.218936
000063,0.612422,0.613853,0.01547496,0.164808
000064,0.621180,0.595630,0.01364458,0.146457
000065,0.658710,0.623988,0.02409295,0.207744
000066,0.905880,0.347824,0.00740191,0.192563
000067,0.872100,0.274896,0.00460371,0.189191
000068,0.950046,0.348133,0.00799610,0.201943
000069,0.883676,0.548578,0.01161663,0.176185
000070,0.832279,0.550242,0.01298735,0.172677
000071,0.878481,0.546970,0.01529860,0.201845
000072,0.898030,0.547046,0.01401821,0.200729
000073,0.931491,0.562194,0.01183023,0.166620
000074,0.956896,0.551647,0.01284526,0.189672
000075,0.940393,0.551987,0.01520218,0.190238
000076,0.892747,0.531454,0.01077171,0.188882
000077,0.629137,0.533488,0.01611629,0.211733
000078,0.661668,0.523599,0.01604328,0.206213
000079,0.742311,0.543354,0.01682267,0.194388
000080,0.820461,0.562459,0.01388487,0.149553
000081,0.546931,0.371187,0.00751386,0.199724
000082,1.107971,0.318166,0.00463674,0.158422
000083,0.134865,0.402780,0.00681318,0.165538
000084,0.689318,0.567772,0.02148814,0.210227
000085,0.707193,0.570193,0.01476165,0.174862
000086,0.724207,0.580410,0.01962282,0.187130
000087,0.849266,0.373692,0.00899420,0.192753
000088,0.826243,0.401891,0.00729984,0.202124
000089,0.740706,0.438182,0.01188611,0.227035
000090,0.919688,0.389738,0.00624373,0.203725
000091,1.022990,0.366668,0.00818191,0.221285
000092,1.088408,0.369900,0.00880544,0.209669
000093,1.004294,0.406527,0.00724720,0.196618
000094,1.036710,0.515663,0.00868096,0.105968
000095,1.061839,0.442535,0.00674490,0.137848
000096,0.277096,0.375781,0.00801535,0.199160
000097,0.243319,0.356993,0.00529981,0.153637
000098,0.218889,0.357470,0.00594928,0.163619
000099,0.847287,0.431976,0.01108075,0.204201
000100,0.731293,0.427533,0.00801472,0.177151
000101,0.727738,0.435238,0.00764170,0.173864
000102,0.724375,0.471294,0.00840702,0.177103
000103,0.889425,0.326800,0.00454227,0.156450
000104,0.670829,0.359272,0.00561601,0.182956
000105,0.920981,0.435275,0.01421231,0.202038
000106,0.835499,0.441396,0.01070462,0.157529
000107,0.921776,0.452707,0.01114288,0.170993
000108,0.978903,0.435331,0.01079630,0.182721
000109,1.012133,0.437510,0.01276455,0.200458
000110,0.990710,0.406048,0.00746787,0.164272
000111,0.890762,0.415245,0.01152913,0.231692
000112,0.880459,0.431237,0.00816149,0.177792
000113,0.812087,0.441915,0.00855930,0.181808
000114,0.519751,0.611499,0.02052367,0.206821
000115,0.551598,0.601128,0.01327109,0.169830
000116,0.496877,0.592560,0.01728562,0.190859
000117,0.195937,0.539049,0.01056571,0.169791
000118,0.161059,0.435931,0.01076995,0.224328
000119,0.221247,0.524276,0.00932034,0.159375
000120,0.919688,0.401810,0.00948189,0.228942
000121,0.950753,0.396307,0.00894079,0.185549
000122,0.919422,0.404974,0.00928915,0.199486
000123,0.994031,0.414247,0.00722949,0.162302
000124,0.978529,0.430610,0.01046272,0.235405
000125,1.028998,0.401807,0.00836735,0.187405
000126,1.105351,0.429674,0.00752989,0.166266
000127,0.942208,0.432449,0.00960222,0.208236
000128,0.889391,0.386411,0.00570118,0.184606
000129,0.669554,0.494547,0.00982996,0.168275
000130,0.626658,0.475140,0.00866658,0.155830
000131,0.544022,0.466429,0.00867983,0.173429
000132,0.669554,0.412978,0.00922537,0.213268
000133,0.754058,0.437511,0.00936488,0.194613
000134,0.670829,0.440929,0.00781823,0.177930
000135,0.971801,0.481666,0.01158174,0.215990
000136,1.000641,0.446334,0.01202857,0.213103
000137,0.989107,0.481915,0.01043481,0.195175
000138,1.000031,0.490535,0.01319786,0.227033
000139,0.994676,0.464343,0.01310030,0.239913
000140,0.079672,0.424602,0.00773262,0.160894
000141,1.027485,0.580947,0.01658091,0.141067
000142,0.941301,0.517686,0.01923218,0.182438
000143,0.940101,0.616688,0.02275297,0.201190
000144,0.165544,0.367640,0.00551543,0.172952
000145,0.088388,0.469681,0.00836892,0.169858
000146,0.062986,0.854115,0.02121412,0.153015
000147,0.519751,0.648804,0.01303502,0.157089
000148,0.625000,0.618587,0.01499086,0.188615
000149,0.753613,0.576963,0.01557236,0.207813
000150,0.731293,0.484574,0.00938247,0.163939
000151,0.715558,0.471006,0.01221453,0.199965
000152,0.714150,0.494794,0.01054770,0.176045
000153,1.017096,0.512267,0.01625182,0.226319
000154,1.046088,0.504603,0.01361172,0.223692
000155,1.052631,0.519012,0.01446342,0.238323
000156,0.248162,0.536011,0.01027419,0.169394
000157,0.316093,0.578427,0.01616421,0.209651
000158,0.492745,0.568620,0.01115131,0.170383
000159,0.422526,0.508510,0.01257312,0.182057
000160,0.464696,0.506114,0.01510256,0.209642
000161,0.401566,0.494503,0.00941655,0.157808
000162,0.916730,0.315085,0.00845983,0.281764
000163,0.988119,0.233268,0.00519013,0.348148
000164,0.939224,0.226456,0.00579110,0.348778
000165,0.601309,0.426347,0.00771433,0.169093
000166,0.884781,0.383130,0.00776367,0.200246
000167,0.849086,0.374071,0.00770902,0.196915
000168,0.166096,0.432974,0.00797722,0.184018
000169,0.235544,0.465404,0.00836242,0.175068
000170,0.805294,0.557996,0.01116220,0.165207
000171,0.939126,0.343091,0.00471748,0.163720
000172,0.552427,0.299275,0.00313974,0.191249
000173,0.840343,0.288999,0.00327265,0.179844
000174,0.909276,0.369872,0.00682234,0.212793
000175,1.015625,0.384982,0.01045202,0.217153
000176,1.015625,0.383905,0.00685622,0.186352
000177,0.412512,0.574245,0.01041891,0.145161
000178,0.685099,0.517386,0.00993241,0.173521
000179,0.650317,0.544299,0.01688366,0.220557
000180,1.097343,0.372880,0.00539672,0.213627
000181,1.118580,0.431953,0.01307689,0.230729
000182,0.883124,0.370954,0.00482567,0.171465
000183,0.897316,0.214924,0.00363842,0.236183
000184,0.555567,0.323942,0.00745504,0.207147
000185,0.464893,0.445244,0.00800466,0.146014
000186,0.054688,0.637768,0.01750644,0.189929
000187,0.664062,0.663806,0.02055221,0.185549
000188,0.717092,0.661174,0.01306461,0.156468
000189,0.574577,0.425283,0.00775205,0.167871
000190,0.600750,0.425758,0.01085387,0.198569
000191,0.820350,0.450225,0.01337252,0.247333
000192,1.110365,0.335330,0.00616683,0.186287
000193,1.118825,0.418339,0.01105431,0.191788
000194,1.114891,0.378514,0.00707223,0.173587
000195,0.787553,0.570906,0.01733519,0.200478
000196,0.873639,0.568817,0.01121253,0.172101
000197,0.916763,0.524712,0.01335035,0.227988
000198,0.095043,0.520651,0.01439645,0.198237
000199,0.363848,0.636742,0.01358456,0.156537
000200,0.085938,0.420814,0.01000021,0.191814
000201,0.475023,0.288006,0.00596662,0.216943
000202,0.539968,0.243065,0.00469928,0.222993
000203,0.498288,0.329417,0.00614543,0.200118
000204,0.835097,0.616323,0.01579419,0.148792
000205,0.786894,0.586007,0.02381954,0.218690
000206,0.831105,0.586230,0.02337321,0.191624
000207,0.869437,0.207828,0.00380358,0.250118
000208,0.735538,0.292290,0.00589632,0.198047
000209,0.873674,0.214450,0.00477767,0.300868
000210,0.842193,0.673868,0.02390980,0.177026
000211,0.867750,0.671527,0.01693299,0.115447
000212,0.891105,0.671525,0.01982350,0.126595
000213,1.025344,0.398021,0.00850940,0.196650
000214,0.995504,0.446392,0.01030710,0.184147
000215,1.022363,0.384418,0.00777179,0.188650
000216,0.975843,0.604205,0.01590108,0.166321
000217,1.010957,0.554581,0.01246637,0.168774
000218,1.017966,0.533948,0.01474929,0.202263
000219,0.665715,0.605918,0.01700118,0.206447
000220,0.544078,0.490904,0.01507387,0.232340
000221,0.554192,0.609325,0.01650910,0.187351
000222,0.151691,0.654155,0.01257858,0.167783
000223,0.175564,0.549638,0.01450555,0.195650
000224,0.133042,0.612444,0.02012473,0.226510
000225,0.613418,0.541378,0.01413324,0.183315
000226,0.774542,0.549241,0.01588714,0.182197
000227,0.800391,0.573190,0.01425926,0.172609
000228,0.827388,0.252386,0.00597487,0.252082
000229,0.936360,0.253263,0.00430114,0.232154
000230,0.056876,0.499307,0.00827991,0.142118
000231,0.271758,0.372582,0.00496309,0.176638
000232,0.859411,0.438702,0.00687067,0.159121
000233,0.873674,0.438528,0.00877235,0.197773
000234,1.111052,0.350790,0.00699755,0.196495
000235,1.105075,0.489261,0.00977431,0.148481
000236,0.271758,0.358971,0.00496880,0.164794
000237,0.943503,0.391873,0.00583182,0.188088
000238,1.003230,0.410098,0.01190295,0.240235
000239,1.044686,0.458390,0.01293465,0.214111
000240,1.079144,0.356626,0.02782711,0.210868
000241,1.045650,0.429816,0.02975233,0.000000
000242,1.033054,0.458260,0.02134112,0.000000
000243,0.856422,0.466029,0.01128156,0.176560
000244,0.932277,0.482957,0.00997673,0.165202
000245,0.940750,0.474223,0.01394680,0.195799
000246,0.254116,0.474785,0.01099239,0.186675
000247,0.380975,0.454709,0.01071282,0.176182
000248,0.372714,0.428064,0.01039519,0.191205
000249,0.570366,0.418519,0.00838558,0.212652
000250,0.700211,0.454029,0.00636963,0.183847
000251,0.875349,0.374633,0.00693694,0.252437
000252,0.649895,0.423905,0.00643908,0.181559
000253,0.605254,0.423732,0.00599801,0.163206
000254,1.107337,0.574584,0.01552390,0.178849
000255,0.265395,0.399639,0.01032669,0.209322
000256,0.200098,0.354137,0.00523861,0.195097
000257,0.242565,0.374163,0.00508671,0.179803
000258,0.485130,0.351352,0.00502619,0.159986
000259,0.923991,0.422354,0.00773975,0.174165
000260,0.727905,0.342314,0.00458990,0.163342
000261,0.992280,0.394248,0.00635191,0.183570
000262,1.073530,0.456164,0.01221235,0.200938
000263,0.949211,0.414769,0.00589309,0.176211
000264,0.380975,0.511268,0.01206541,0.181896
000265,0.427409,0.554366,0.01158708,0.164104
000266,0.432166,0.566761,0.01390160,0.184149
000267,0.894762,0.363210,0.00734552,0.206139
000268,1.070341,0.418723,0.01152933,0.212521
000269,1.001250,0.314377,0.00756524,0.258740
000270,0.769323,0.420355,0.01113719,0.163608
000271,0.803777,0.444061,0.01219782,0.166933
000272,0.830701,0.469307,0.01359320,0.178365
000273,0.892439,0.486607,0.01021624,0.196835
000274,0.618768,0.428274,0.00627164,0.161656
000275,1.039180,0.373100,0.00994503,0.216987
000276,0.876255,0.475379,0.01195458,0.213328
000277,1.010595,0.421006,0.00976943,0.199702
000278,0.867188,0.452029,0.00992182,0.208609
000279,0.890659,0.414364,0.01204242,0.207852
000280,0.810394,0.422397,0.00983656,0.179103
000281,0.860440,0.418211,0.01163357,0.197387
000282,0.680406,0.314025,0.00532473,0.175915
000283,0.508773,0.287461,0.00491625,0.175873
000284,0.792305,0.354495,0.01022200,0.234971
000285,1.034825,0.430673,0.00924239,0.186458
000286,0.991572,0.361104,0.00851605,0.225574
000287,0.972899,0.389729,0.00829180,0.201879
000288,0.411178,0.509983,0.01089271,0.159392
000289,0.480897,0.589947,0.01757481,0.191589
000290,0.406250,0.544540,0.01723178,0.196192
000291,0.256269,0.577397,0.01139268,0.157797
000292,0.325979,0.551278,0.01555421,0.199727
000293,0.251582,0.541794,0.01724122,0.221095
000294,0.678384,0.433535,0.01089776,0.211330
000295,0.825652,0.338790,0.00462701,0.166288
000296,0.699164,0.432907,0.00808397,0.188799
000297,0.764069,0.518699,0.01739318,0.190686
000298,0.733751,0.547774,0.01545882,0.178430
000299,0.746779,0.497407,0.01318884,0.156925
000300,0.157998,0.369090,0.00761078,0.185100
000301,0.180366,0.386210,0.00665149,0.168058
000302,0.160299,0.408351,0.00715534,0.164212
000303,0.310147,0.499768,0.01086134,0.157557
000304,0.475216,0.399338,0.00856221,0.182592
000305,0.468815,0.400466,0.00802838,0.181917
000306,0.348861,0.583164,0.01118478,0.160638
000307,0.339192,0.556192,0.01455759,0.196479
000308,0.328590,0.571608,0.01804703,0.218328
000309,0.877299,0.561352,0.01316583,0.143639
000310,0.879210,0.592971,0.01304165,0.164673
000311,0.867504,0.567184,0.01407972,0.171414
000312,0.667775,0.436793,0.00961782,0.191420
000313,0.754705,0.402799,0.00806763,0.197061
000314,0.831105,0.429343,0.00834187,0.162494
000315,0.266084,0.549074,0.01714364,0.204338
000316,0.312598,0.566479,0.01143255,0.158686
000317,0.251582,0.543721,0.01153354,0.158782
000318,0.638956,0.406567,0.00942161,0.203121
000319,0.593184,0.412967,0.01006680,0.216773
000320,0.714064,0.423211,0.00766111,0.179976
000321,0.890933,0.424768,0.01314570,0.196422
000322,0.975061,0.312235,0.00872563,0.269832
000323,0.967647,0.287897,0.00852514,0.296448
000324,0.699688,0.416948,0.00655831,0.166308
000325,0.822987,0.400162,0.00747389,0.199310
000326,0.845087,0.377907,0.00676211,0.192604
000327,0.914430,0.505025,0.00886119,0.147785
000328,0.993939,0.294286,0.00573488,0.234374
000329,0.615008,0.339173,0.00684293,0.214366
000330,1.012917,0.520405,0.01219025,0.197777
000331,0.993294,0.489294,0.01100303,0.182121
000332,1.028465,0.425753,0.00944581,0.185401
000333,0.687367,0.391990,0.00706315,0.181723
000334,0.812838,0.403681,0.00775775,0.187384
000335,0.809263,0.450282,0.00848326,0.170924
000336,0.410138,0.442936,0.01269163,0.199187
000337,0.783162,0.562250,0.01078213,0.168768
000338,0.399050,0.506093,0.01507645,0.192406
000339,0.830701,0.436187,0.00930160,0.209792
000340,0.645466,0.377897,0.00837534,0.210300
000341,0.741365,0.369850,0.00601919,0.181178
000342,0.909511,0.424194,0.00979357,0.240831
000343,0.973934,0.450763,0.00751484,0.182819
000344,0.999084,0.436425,0.01476577,0.241780
000345,0.850415,0.512675,0.01075248,0.178451
000346,1.010111,0.392477,0.00930571,0.206940
000347,0.990710,0.405004,0.00864430,0.186995
000348,0.757812,0.463211,0.01128423,0.206901
000349,0.853853,0.389220,0.00959173,0.227853
000350,0.642908,0.380709,0.00807909,0.206841
000351,0.995749,0.434551,0.00881538,0.180791
000352,1.047924,0.428516,0.00901388,0.163362
000353,0.751382,0.422598,0.00675502,0.170743
000354,0.623827,0.423199,0.00973703,0.214340
000355,0.735040,0.429114,0.00734796,0.160472
000356,0.739386,0.433011,0.01041445,0.205401
000357,0.496877,0.474635,0.01380247,0.226234
000358,0.508713,0.475198,0.01232235,0.207293
000359,0.479626,0.465735,0.01003592,0.185602
000360,0.660191,0.369955,0.00804635,0.207384
000361,0.750651,0.354733,0.00704282,0.200743
000362,0.812988,0.385569,0.00964823,0.224447
000363,0.927453,0.429773,0.00839952,0.193198
000364,1.115903,0.335805,0.00557542,0.196470
000365,1.120706,0.441348,0.01185297,0.204217
000366,0.949179,0.393407,0.00892192,0.239084
000367,0.546931,0.380554,0.00731296,0.209335
000368,1.067229,0.481326,0.01373130,0.218499
000369,1.020332,0.336723,0.00426290,0.175205
000370,1.013218,0.566843,0.01495250,0.190846
000371,0.983569,0.351977,0.00526646,0.231295
000372,0.731544,0.575138,0.01406268,0.186949
000373,0.826687,0.578390,0.01129776,0.164829
000374,0.861857,0.509081,0.01173239,0.190984
000375,0.589313,0.435541,0.00674248,0.167107
000376,0.716241,0.435689,0.00717957,0.171327
000377,0.564450,0.466719,0.00781827,0.162498
000378,0.813438,0.349792,0.00655710,0.179317
000379,0.806619,0.354681,0.00763176,0.197539
000380,0.855032,0.351152,0.00673319,0.191952
000381,0.944667,0.512544,0.01168628,0.199236
000382,1.036092,0.521749,0.01965861,0.271241
000383,1.032019,0.496060,0.01260120,0.264578
000384,0.832242,0.471272,0.01146119,0.170285
000385,0.873115,0.455124,0.01151995,0.184344
000386,0.895580,0.457962,0.00979898,0.173465
000387,0.924817,0.355742,0.00701891,0.214127
000388,0.877299,0.394380,0.00607640,0.200231
000389,0.933749,0.378503,0.00695636,0.223694
000390,0.918725,0.453582,0.00788146,0.160687
000391,0.943276,0.421532,0.01061216,0.209083
000392,0.891173,0.436082,0.00961637,0.188309
000393,0.572236,0.553150,0.01639750,0.221208
000394,0.841432,0.527902,0.00934957,0.166303
000395,0.821502,0.510313,0.00970409,0.175686
000396,0.779412,0.469439,0.01235299,0.200128
000397,0.879210,0.483008,0.01049862,0.161250
000398,0.762670,0.450266,0.00898075,0.163801
000399,0.255434,0.407811,0.00625508,0.174178
000400,1.121441,0.454293,0.01365024,0.219352
000401,1.120488,0.381795,0.01033925,0.223685
000402,0.937760,0.432172,0.01108908,0.211964
000403,1.010957,0.392202,0.00768983,0.171422
000404,0.862813,0.420982,0.00795949,0.187848
000405,0.882017,0.358576,0.00694643,0.196170
000406,0.905846,0.324437,0.00731141,0.244379
000407,0.852530,0.326888,0.00678677,0.214871
000408,0.622652,0.372024,0.00544698,0.192375
000409,0.862671,0.376554,0.00892338,0.213254
000410,0.783629,0.398152,0.00691752,0.180982
000411,0.895205,0.441305,0.00897805,0.185827
000412,0.645040,0.424711,0.00925121,0.181731
000413,0.899286,0.458311,0.00846747,0.176064
000414,0.810582,0.585354,0.01394030,0.187636
000415,0.838889,0.579169,0.01530291,0.195143
000416,0.867750,0.547126,0.00976061,0.167712
000417,1.116313,0.485840,0.01515581,0.192715
000418,1.111711,0.369173,0.00605835,0.162601
000419,1.112452,0.513113,0.01497866,0.191942
000420,0.074116,0.526003,0.01055858,0.172437
000421,0.139098,0.365316,0.00613564,0.195498
000422,0.101562,0.448552,0.01001801,0.209658
000423,0.990987,0.419665,0.00597864,0.201162
000424,1.023706,0.402591,0.01050215,0.208613
000425,1.045650,0.414509,0.01157360,0.219082
000426,1.055497,0.390963,0.00841472,0.193087
000427,1.019614,0.382310,0.00784086,0.197931
000428,0.971393,0.429930,0.01150924,0.235861
000429,0.774542,0.400307,0.00613721,0.187147
000430,0.876150,0.407389,0.00660536,0.160211
000431,0.756523,0.424975,0.00818028,0.192957
000432,0.784408,0.420693,0.00873326,0.196589
000433,0.852458,0.408895,0.00730050,0.191645
000434,0.613667,0.425380,0.01097428,0.220232
000435,0.085938,0.676196,0.01969925,0.183994
000436,0.112673,0.470676,0.01055759,0.185037
000437,0.265740,0.926349,0.02555745,0.145241
000438,0.714021,0.425206,0.00779070,0.176812
000439,0.997127,0.392655,0.00671856,0.242258
000440,0.902538,0.415433,0.01082404,0.229433
000441,1.077219,0.605331,0.03209462,0.090628
000442,1.082588,0.629678,0.04169933,0.000000
000443,1.087398,0.634941,0.03928017,0.000000
000444,0.866096,0.797527,0.02042918,0.161326
000445,0.892302,0.793588,0.01882661,0.144793
000446,0.929392,0.780447,0.02117407,0.174512
000447,0.862777,0.508714,0.01631084,0.219246
000448,0.884056,0.485812,0.01155785,0.185337
000449,0.881256,0.452025,0.01013822,0.157492
000450,0.383131,0.487111,0.01013073,0.172847
000451,0.360731,0.514279,0.01290560,0.178829
000452,0.460474,0.497284,0.01375179,0.198374
000453,0.969537,0.381749,0.00737402,0.197538
000454,0.850415,0.438239,0.00804434,0.197636
000455,0.964773,0.426684,0.00762347,0.202491
000456,0.801191,0.433526,0.00742140,0.166258
000457,1.048739,0.278816,0.00406185,0.191214
000458,1.027930,0.330640,0.00622125,0.253211
000459,0.598256,0.589246,0.01483596,0.167746
000460,0.633005,0.604732,0.01437936,0.146251
000461,0.699164,0.612860,0.01696702,0.163502
000462,0.995872,0.463690,0.01068702,0.196528
000463,1.022990,0.578009,0.01257224,0.156513
000464,0.911923,0.538111,0.01032251,0.158051
000465,0.535940,0.426369,0.00641364,0.169845
000466,0.478161,0.433712,0.00969961,0.205168
000467,0.656994,0.389182,0.00653603,0.193270
000468,0.797488,0.363390,0.00794588,0.216479
000469,0.233069,0.150019,0.00111552,0.192935
000470,0.328497,0.085149,0.00043483,0.281679
000471,0.882847,0.376680,0.00605030,0.202914
000472,0.829929,0.344716,0.00444689,0.170711
000473,1.045124,0.453561,0.00883633,0.179656
000474,0.256983,0.824893,0.02328063,0.169278
000475,0.392573,0.467977,0.01279370,0.199261
000476,0.294086,0.534081,0.01285627,0.167759
000477,0.613219,0.451282,0.00860126,0.178688
000478,0.637473,0.500734,0.00879589,0.157179
000479,0.539968,0.407366,0.01068900,0.241740
000480,0.727024,0.400497,0.00709848,0.177552
000481,0.876568,0.411607,0.00751392,0.180250
000482,0.592927,0.407435,0.00779351,0.197410
000483,0.932833,0.422667,0.00968821,0.202401
000484,1.047137,0.437655,0.01242509,0.226247
000485,0.957501,0.406886,0.00640325,0.164429
000486,1.020930,0.416932,0.01513557,0.211596
000487,1.028168,0.385299,0.01485393,0.238941
000488,1.023706,0.414608,0.01231852,0.184798
000489,1.088155,0.563698,0.01473122,0.193847
000490,0.776234,0.410550,0.00930501,0.223041
000491,0.625049,0.404635,0.00900371,0.206581
000492,0.744200,0.484902,0.01260293,0.192427
000493,0.696409,0.480419,0.00969733,0.173123
000494,0.818264,0.491745,0.00980557,0.149790
000495,1.061810,0.481410,0.01025099,0.199918
000496,0.783629,0.396178,0.00604801,0.192514
000497,1.114754,0.517187,0.01179916,0.161758
000498,0.921113,0.378991,0.00682880,0.197108
000499,0.795879,0.450213,0.00698061,0.175160
000500,0.797220,0.444779,0.00895583,0.189992
000501,0.622260,0.452525,0.01019853,0.191742
000502,0.654107,0.462856,0.00775175,0.170461
000503,0.670829,0.460531,0.01189567,0.211615
000504,0.928209,0.403946,0.00666705,0.158762
000505,0.557377,0.428457,0.00790950,0.179037
000506,0.771818,0.432335,0.01051186,0.208989
000507,0.398744,0.542111,0.01064560,0.156213
000508,0.394125,0.550024,0.01396964,0.188756
000509,0.429971,0.556250,0.01347481,0.178429
000510,0.859411,0.426259,0.01115452,0.242122
000511,0.881013,0.376810,0.00621221,0.174474
000512,0.790955,0.492852,0.00966865,0.188472
000513,0.637760,0.325883,0.00435450,0.162306
000514,0.946861,0.402835,0.00666650,0.185125
000515,0.995504,0.378039,0.00887328,0.219757
000516,0.750366,0.400410,0.00937689,0.223718
000517,0.876568,0.348223,0.00546916,0.178428
000518,0.914430,0.354497,0.00711533,0.216534
000519,0.863555,0.371298,0.00586107,0.162354
000520,0.897316,0.371979,0.00722601,0.214612
000521,0.939581,0.356494,0.00604531,0.186196
000522,0.861113,0.342624,0.00791993,0.189472
000523,0.798902,0.273958,0.00442498,0.177410
000524,0.887261,0.354851,0.00875429,0.210617
000525,0.653360,0.585963,0.01590901,0.157376
000526,0.690026,0.621700,0.01810410,0.175280
000527,0.730625,0.612652,0.02214341,0.199247
000528,0.539289,0.491405,0.00751057,0.145850
000529,0.946603,0.464001,0.01102482,0.224602
000530,1.046554,0.401198,0.01026879,0.218183
000531,1.093303,0.377869,0.00677703,0.208231
000532,1.084700,0.406049,0.00631365,0.172623
000533,0.799551,0.426206,0.00579068,0.170148
000534,0.684831,0.442107,0.00634104,0.170265
000535,0.744323,0.441567,0.00806184,0.196692
000536,0.750000,0.473108,0.00898263,0.187464
000537,0.364769,0.250706,0.00462442,0.237205
000538,0.364183,0.366120,0.00663935,0.182591
000539,0.342505,0.412131,0.00983954,0.203547
000540,0.983382,0.400016,0.00672887,0.198739
000541,0.906856,0.360466,0.00564484,0.190201
000542,0.950239,0.368271,0.00525045,0.194672
000543,0.528716,0.376419,0.00707030,0.178182
000544,0.512121,0.379662,0.00791167,0.173727
000545,0.657829,0.356835,0.00728595,0.198465
000546,0.832865,0.291285,0.00486494,0.198035
000547,0.806846,0.242251,0.00370420,0.209851
000548,0.833415,0.339501,0.00525051,0.180210
000549,0.173466,0.503998,0.01059955,0.173311
000550,0.178152,0.431339,0.00926164,0.190091
000551,0.172584,0.441699,0.00739360,0.163001
000552,0.415901,0.338974,0.00697369,0.226701
000553,1.028168,0.279305,0.00482283,0.213015
000554,1.015415,0.329808,0.00605474,0.196218
000555,0.648249,0.555309,0.01313334,0.143586
000556,0.846062,0.576214,0.02125873,0.197617
000557,0.908403,0.574807,0.01453569,0.137869
000558,0.726940,0.384055,0.01009500,0.232463
000559,0.971298,0.261432,0.00633534,0.332703
000560,0.892815,0.268081,0.00467592,0.218502
000561,0.803131,0.375222,0.00572880,0.179179
000562,0.553421,0.368599,0.00838444,0.214236
000563,0.605658,0.442183,0.01025142,0.203417
000564,0.948407,0.402788,0.00896091,0.235037
000565,0.919422,0.386500,0.00932150,0.222725
000566,0.940393,0.389273,0.00865361,0.228583
000567,0.674323,0.475280,0.01234225,0.216789
000568,0.625488,0.441375,0.00958508,0.207277
000569,1.089977,0.462089,0.01063129,0.195624
000570,0.507812,0.334517,0.00648881,0.216778
000571,0.555567,0.345851,0.00715877,0.199119
000572,0.741570,0.224382,0.00376539,0.252169
000573,0.785691,0.462915,0.01105835,0.173972
000574,0.790569,0.481194,0.01124779,0.178409
000575,0.855388,0.483421,0.01190339,0.190280
000576,0.922801,0.411800,0.00882731,0.210307
000577,0.867750,0.411234,0.00951354,0.191437
000578,0.711452,0.423701,0.01070063,0.206795
000579,0.773477,0.418636,0.00983813,0.198624
000580,1.008569,0.320175,0.00517987,0.246370
000581,1.001220,0.334451,0.00551127,0.243904
000582,0.168286,0.584950,0.01497647,0.183462
000583,0.171342,0.573983,0.01851298,0.212781
000584,0.195469,0.529746,0.01412876,0.217578
000585,0.214524,0.474591,0.01118792,0.180003
000586,0.190727,0.466643,0.01012129,0.177440
000587,0.133042,0.580998,0.02013104,0.204922
000588,0.431459,0.356004,0.00578259,0.218578
000589,0.793113,0.419786,0.00752151,0.216094
000590,0.949307,0.386691,0.00605204,0.233553
000591,0.273549,0.407803,0.00672749,0.180182
000592,0.749226,0.414861,0.00874623,0.197522
000593,0.320408,0.423062,0.01171434,0.232863
000594,0.856708,0.439068,0.00917525,0.187337
000595,0.813176,0.408950,0.01134081,0.238055
000596,0.799360,0.425984,0.00775965,0.183290
000597,0.904261,0.519783,0.01374736,0.191619
000598,0.886263,0.522721,0.01734204,0.235259
000599,0.954277,0.529818,0.01139759,0.200298
000600,0.877125,0.583925,0.01902411,0.192983
000601,0.827388,0.590041,0.01480132,0.173061
000602,0.859943,0.643684,0.01689716,0.159255
000603,0.892302,0.416005,0.00688387,0.172761
000604,1.080415,0.343023,0.00687029,0.203554
000605,1.059336,0.310719,0.00587131,0.226392
000606,0.969537,0.414042,0.00833193,0.217785
000607,0.943794,0.448250,0.01264358,0.243911
000608,0.972083,0.466817,0.01534061,0.270218
000609,0.080435,0.771519,0.01944747,0.155467
000610,0.130961,0.447837,0.01067514,0.201512
000611,0.132812,0.604640,0.01374473,0.174409
000612,0.218750,0.481298,0.00954160,0.159115
000613,0.273326,0.378576,0.01123089,0.223697
000614,0.266084,0.384457,0.00938034,0.198190
000615,0.636467,0.446186,0.00942496,0.192757
000616,0.670647,0.425311,0.00865543,0.189718
000617,0.755271,0.469865,0.01413146,0.230748
000618,0.955459,0.393971,0.00894724,0.234828
000619,1.006449,0.367664,0.00819953,0.291925
000620,0.981581,0.370962,0.00755695,0.217983
000621,0.920285,0.317023,0.00620162,0.220189
000622,0.818637,0.354936,0.00904656,0.225017
000623,0.876150,0.330942,0.00570254,0.190840
000624,0.771225,0.471506,0.00979889,0.190647
000625,0.897078,0.443759,0.00816858,0.198025
000626,0.958234,0.451052,0.00894835,0.188103
000627,0.999267,0.423030,0.00948976,0.228957
000628,0.740829,0.456816,0.00858445,0.191512
000629,0.979683,0.410813,0.00958063,0.208185
000630,0.914096,0.414357,0.00925874,0.203239
000631,0.671557,0.393988,0.00737777,0.209269
000632,0.989508,0.416104,0.00918031,0.199850
000633,0.803131,0.278338,0.00442709,0.202426
000634,0.723869,0.392647,0.00771804,0.203221
000635,0.671148,0.416772,0.00716129,0.177380
000636,0.779764,0.468769,0.00946517,0.170122
000637,0.712353,0.457868,0.01203702,0.211667
000638,0.743215,0.481952,0.00907660,0.157314
000639,0.160869,0.559564,0.01575475,0.198618
000640,0.773280,0.918348,0.03147847,0.136267
000641,0.361492,0.876561,0.03674195,0.199675
000642,0.756482,0.431298,0.00922695,0.188709
000643,0.747432,0.427185,0.00986358,0.196277
000644,0.730751,0.394060,0.00744085,0.166408
000645,0.818040,0.590706,0.01796815,0.188410
000646,1.069400,0.493696,0.00935909,0.162366
000647,1.061810,0.521794,0.01379064,0.185104
000648,0.760546,0.417993,0.00706884,0.155351
000649,0.873219,0.436958,0.01009283,0.194759
000650,0.858096,0.438486,0.00787113,0.166063
000651,1.004294,0.482104,0.01237581,0.203492
000652,1.008085,0.391831,0.00774533,0.194354
000653,1.027128,0.416733,0.00940872,0.197159
000654,0.890762,0.485083,0.01240150,0.227482
000655,0.734749,0.488726,0.00921575,0.178355
000656,0.796262,0.579467,0.01341194,0.179187
000657,0.375407,0.392558,0.00754419,0.165300
000658,0.419990,0.395544,0.00682359,0.172124
000659,0.410138,0.373797,0.00800621,0.191241
000660,0.161059,0.439700,0.00913516,0.179968
000661,0.157029,0.463750,0.00844884,0.168280
000662,0.206404,0.433493,0.00915184,0.187985
000663,0.753329,0.622161,0.01529757,0.192281
000664,0.719811,0.615223,0.01987482,0.209225
000665,0.891618,0.549990,0.01442292,0.182436
000666,0.972083,0.425265,0.01188855,0.235505
000667,0.977343,0.465719,0.01506908,0.231257
000668,0.988829,0.410994,0.01108267,0.204130
000669,0.305588,0.509833,0.01195262,0.174496
000670,0.311032,0.548922,0.01312553,0.180565
000671,0.187825,0.514044,0.01203210,0.190253
000672,0.747718,0.495003,0.01118511,0.179825
000673,0.852852,0.536817,0.01433439,0.180101
000674,0.802561,0.542525,0.01477440,0.176832
000675,0.910148,0.478088,0.01034900,0.187123
000676,0.928341,0.454955,0.00944570,0.184036
000677,0.892473,0.464445,0.00744733,0.176460
000678,0.834330,0.357499,0.00737241,0.197326
000679,0.829929,0.350490,0.00589169,0.191522
000680,0.911957,0.363112,0.00629118,0.174040
000681,0.987779,0.452586,0.00859457,0.172357
000682,1.008085,0.443007,0.01043114,0.168685
000683,0.953925,0.449581,0.01043416,0.182158
000684,0.949307,0.414297,0.01065918,0.242934
000685,0.907091,0.430132,0.00789280,0.212421
000686,0.964235,0.396384,0.00920277,0.243346
000687,0.956896,0.509706,0.01863929,0.200429
000688,1.014573,0.500001,0.01224762,0.158401
000689,0.932833,0.436107,0.01129530,0.186771
000690,0.515684,0.390005,0.00889252,0.212900
000691,0.976687,0.396268,0.00846672,0.239745
000692,1.109403,0.363934,0.00787439,0.218983
000693,0.963506,0.425704,0.00971790,0.172011
000694,0.965626,0.473722,0.01094681,0.180744
000695,0.892815,0.456402,0.01229419,0.220824
000696,0.398744,0.495192,0.01861310,0.224841
000697,0.403612,0.512641,0.01102095,0.160811
000698,0.435613,0.562720,0.01495402,0.171107
000699,1.020421,0.377365,0.01540170,0.233741
000700,1.044453,0.402541,0.01141239,0.167068
000701,1.042610,0.412835,0.01294424,0.190342
000702,0.166096,0.524256,0.01274907,0.178981
000703,0.213240,0.345732,0.00657645,0.174743
000704,0.206847,0.403877,0.00990706,0.197619
000705,0.153888,0.796423,0.03302074,0.216288
000706,0.133728,0.774544,0.02324118,0.186302
000707,0.962683,0.784086,0.02872733,0.207732
000708,0.876255,0.355913,0.00528211,0.186124
000709,1.074666,0.386695,0.00692790,0.159972
000710,1.095200,0.443288,0.01003034,0.181856
000711,0.460474,0.541960,0.01693324,0.213952
000712,0.650317,0.549622,0.01278633,0.182008
000713,0.685232,0.567952,0.01318807,0.163598
000714,0.343039,0.215554,0.00416540,0.202720
000715,0.224940,0.441351,0.00735074,0.163624
000716,0.513549,0.100635,0.00236476,0.289764
000717,0.806846,0.544275,0.01190060,0.143805
000718,0.909074,0.555217,0.02131348,0.230525
000719,0.941949,0.556621,0.01406748,0.133978
000720,0.956896,0.505578,0.01197950,0.167574
000721,0.933618,0.526236,0.01592729,0.200481
000722,0.925443,0.533826,0.01329405,0.175934
000723,1.029651,0.403711,0.01071048,0.221931
000724,0.978436,0.400864,0.00887197,0.200927
000725,0.988212,0.422847,0.00681668,0.152506
000726,0.870314,0.555274,0.01411908,0.192036
000727,0.855032,0.571815,0.01783569,0.188361
000728,0.932539,0.576339,0.01325204,0.130578
000729,1.005417,0.473067,0.00987361,0.190287
000730,0.841432,0.387203,0.00693263,0.211510
000731,1.083462,0.524717,0.01036121,0.141454
000732,0.199180,0.377726,0.01109402,0.226071
000733,0.210213,0.293998,0.00472658,0.182193
000734,0.185207,0.384429,0.00925773,0.194996
000735,0.237993,0.512014,0.00928291,0.162684
000736,0.136439,0.532412,0.01033571,0.161806
000737,0.552538,0.494432,0.00876835,0.156328
000738,0.255434,0.125874,0.00251084,0.227793
000739,0.255075,0.278951,0.00460609,0.183553
000740,0.211082,0.115572,0.00183186,0.210566
000741,0.689495,0.409329,0.00603418,0.184715
000742,1.011228,0.431616,0.01150967,0.206474
000743,0.984065,0.375300,0.00829616,0.196707
000744,0.973276,0.592410,0.01848838,0.135814
000745,0.992280,0.622192,0.01644280,0.115428
000746,0.993693,0.638831,0.02286103,0.164128
000747,0.795533,0.324501,0.00415202,0.172600
000748,0.954661,0.399258,0.00765672,0.192663
000749,0.413472,0.373340,0.00723431,0.202002
000750,0.630542,0.343023,0.00542027,0.197708
000751,0.666219,0.467772,0.01138864,0.197868
000752,0.548268,0.433415,0.00766253,0.183871
000753,0.799551,0.463360,0.01211566,0.211841
000754,0.746288,0.432441,0.01342483,0.229605
000755,0.863096,0.454174,0.01009786,0.172715
000756,0.414062,0.294665,0.00579950,0.186255
000757,0.426766,0.307582,0.00636227,0.203861
000758,0.429759,0.299609,0.00623179,0.189466
000759,0.540024,0.602629,0.02057568,0.212155
000760,0.642338,0.591400,0.01554766,0.177093
000761,0.631074,0.622562,0.01604041,0.170128
000762,0.848691,0.433933,0.00954445,0.181904
000763,0.879210,0.421859,0.00922055,0.192154
000764,0.895546,0.428041,0.01215737,0.211606
000765,0.758577,0.439759,0.00745059,0.170781
000766,0.701604,0.401753,0.01032239,0.222146
000767,0.732919,0.411231,0.00727696,0.170635
000768,0.823617,0.516641,0.00827681,0.155719
000769,0.945926,0.564760,0.01156436,0.161614
000770,1.066628,0.470938,0.00885318,0.172324
000771,0.894898,0.448107,0.01157665,0.203140
000772,0.953637,0.440388,0.01442677,0.215429
000773,0.805294,0.413083,0.00830730,0.197844
000774,0.896397,0.543464,0.01280342,0.172182
000775,0.971298,0.538097,0.01108311,0.156421
000776,0.976687,0.541244,0.01630949,0.208337
000777,1.002073,0.558906,0.01287239,0.196264
000778,1.055497,0.562528,0.01320562,0.185337
000779,1.031723,0.569790,0.01120275,0.171641
000780,0.459811,0.360757,0.00945130,0.229507
000781,0.371155,0.369112,0.00707759,0.180377
000782,0.455543,0.359905,0.00680326,0.188798
000783,0.164248,0.558312,0.01051770,0.162976
000784,0.167012,0.546305,0.01142090,0.180917
000785,0.127178,0.555218,0.01239486,0.178467
000786,0.821242,0.559460,0.01503219,0.165022
000787,0.797411,0.598251,0.01405804,0.153925
000788,0.784758,0.596083,0.01351311,0.156276
000789,0.789411,0.223673,0.00214270,0.185476
000790,0.203275,0.158812,0.00167393,0.241295
000791,0.430326,0.094686,0.00066537,0.296931
000792,0.981270,0.389850,0.01255544,0.235181
000793,0.986852,0.390769,0.01309639,0.239215
000794,0.950335,0.401248,0.00932118,0.190066
000795,0.229905,0.439114,0.00707501,0.161458
000796,0.431035,0.551853,0.01437722,0.190102
000797,0.286518,0.468263,0.01307323,0.218238
000798,0.689318,0.478261,0.00858614,0.186926
000799,0.952548,0.358808,0.00726932,0.260088
000800,1.051703,0.401839,0.00882908,0.192336
000801,0.101863,0.729225,0.01749346,0.161974
000802,0.138438,0.564248,0.01662266,0.206142
000803,0.134411,0.548673,0.01193360,0.175217
000804,1.043283,0.432022,0.00860208,0.190131
000805,1.020212,0.308097,0.00494994,0.196243
000806,0.999542,0.329215,0.00613041,0.196505
000807,0.550047,0.386016,0.00855165,0.191063
000808,0.654387,0.399919,0.00885166,0.185976
000809,0.655180,0.407563,0.01102053,0.210658
000810,0.526287,0.470500,0.01219056,0.208670
000811,0.632764,0.472703,0.00812861,0.162027
000812,0.798444,0.433903,0.00983836,0.195155
000813,0.766262,0.400629,0.00723926,0.195166
000814,1.034235,0.437663,0.01347102,0.245705
000815,0.903147,0.359405,0.00598534,0.205420
000816,0.685366,0.636525,0.02126306,0.198430
000817,0.522212,0.609862,0.01983122,0.184951
000818,0.679508,0.589094,0.02221984,0.196481
000819,0.790955,0.360897,0.00571572,0.182294
000820,1.114891,0.398161,0.01066909,0.232412
000821,1.118907,0.319678,0.00708084,0.217457
000822,0.721547,0.305325,0.00912311,0.236117
000823,0.945442,0.372214,0.00714965,0.231095
000824,0.635507,0.299625,0.00814671,0.209899
000825,0.770948,0.459579,0.00866902,0.167442
000826,0.823320,0.469192,0.01187456,0.191749
000827,0.829818,0.462634,0.01088264,0.185045
000828,0.500061,0.439433,0.00865166,0.179330
000829,0.758819,0.496758,0.00923704,0.161971
000830,0.455543,0.431896,0.00755945,0.169257
000831,0.922405,0.380648,0.00657450,0.181549
000832,0.177122,0.425043,0.01215560,0.213489
000833,0.722181,0.317070,0.00569701,0.211887
000834,0.620344,0.484066,0.01129610,0.190837
000835,0.340360,0.461391,0.00777551,0.168286
000836,0.842193,0.483427,0.01245203,0.197776
000837,0.648485,0.457520,0.00857313,0.174908
000838,1.111052,0.517807,0.01618772,0.215791
000839,0.994430,0.456652,0.01241165,0.226110
000840,1.014573,0.535369,0.00962887,0.172707
000841,1.037299,0.408113,0.01001177,0.237146
000842,1.015625,0.464494,0.01067800,0.217306
000843,0.657412,0.383302,0.00646876,0.188288
000844,0.977593,0.371512,0.00838618,0.217050
000845,0.953637,0.357312,0.00568082,0.176931
000846,0.986728,0.424184,0.01061580,0.205483
000847,0.373124,0.534520,0.01169765,0.147383
000848,1.062155,0.491888,0.01397339,0.196037
000849,0.774857,0.360809,0.00587227,0.172567
000850,0.690335,0.373166,0.01064246,0.234866
000851,0.760225,0.378903,0.00894393,0.212753
000852,0.968655,0.400191,0.00615518,0.193665
000853,1.064910,0.367808,0.00640569,0.172073
000854,1.013730,0.380663,0.00630006,0.185596
000855,0.862247,0.397281,0.00747598,0.175463
000856,0.648485,0.386899,0.00862315,0.187870
000857,0.710422,0.355604,0.00642171,0.169584
000858,0.581756,0.466312,0.00892530,0.170170
000859,0.465942,0.486731,0.01216302,0.207213
000860,0.962239,0.511153,0.01306498,0.173979
000861,0.414062,0.459162,0.00910383,0.165235
000862,0.294190,0.445205,0.00959232,0.176235
000863,0.387960,0.454943,0.01182487,0.203155
000864,0.940165,0.410931,0.00944634,0.232023
000865,0.921776,0.426812,0.00752028,0.195317
000866,0.954661,0.393431,0.00811098,0.223393
000867,0.569670,0.522405,0.01876753,0.203318
000868,0.716454,0.582238,0.01822414,0.185818
000869,0.661899,0.566694,0.01683039,0.195930
000870,0.434420,0.387951,0.00553580,0.156432
000871,0.501524,0.386120,0.00584798,0.156881
000872,0.728073,0.377543,0.00663489,0.183503
000873,0.981798,0.587182,0.02202330,0.180179
000874,0.989446,0.591568,0.01744527,0.134718
000875,1.005873,0.598050,0.01734750,0.122862
000876,0.206404,0.448757,0.01293462,0.208390
000877,0.184382,0.911654,0.03002769,0.172095
000878,0.261106,0.507327,0.01570300,0.217312
000879,0.851598,0.415687,0.00966217,0.207949
000880,0.891070,0.409463,0.00895403,0.189305
000881,0.812500,0.392683,0.01122830,0.229136
000882,0.953125,0.393785,0.00770131,0.181554
000883,0.855995,0.326940,0.00695908,0.241445
000884,0.622063,0.337556,0.00593936,0.186766
000885,0.678249,0.543733,0.01844149,0.198966
000886,0.759783,0.578893,0.01515160,0.188483
000887,0.535484,0.536993,0.01381126,0.183693
000888,0.796722,0.399823,0.00593119,0.179804
000889,0.637760,0.410807,0.00975533,0.222545
000890,0.762670,0.388817,0.00709655,0.190342
000891,0.908403,0.490764,0.01050919,0.187119
000892,0.999267,0.468773,0.00929747,0.172951
000893,0.950046,0.451435,0.00988632,0.180756
000894,0.858096,0.456016,0.00720340,0.183847
000895,0.858096,0.427038,0.00883381,0.223583
000896,1.110365,0.561203,0.01288892,0.192980
000897,0.868172,0.495545,0.01101901,0.165152
000898,0.898268,0.453246,0.01084950,0.179450
000899,0.904700,0.504274,0.01651739,0.211191
000900,0.739593,0.443537,0.01017606,0.207766
000901,0.997188,0.368398,0.00815611,0.226104
000902,0.918692,0.443695,0.01102565,0.228158
000903,1.022722,0.548513,0.01117714,0.194725
000904,1.084363,0.529864,0.01010455,0.170118
000905,1.032788,0.550519,0.00965603,0.162676
000906,0.850092,0.394990,0.00721627,0.197901
000907,0.809226,0.397959,0.00710405,0.186689
000908,0.835061,0.404900,0.00860078,0.197174
000909,1.059393,0.390966,0.00839153,0.206854
000910,0.886985,0.487841,0.01332633,0.204493
000911,0.946958,0.455742,0.01132802,0.219078
000912,0.312500,0.521480,0.01221726,0.186141
000913,0.841468,0.687895,0.02330013,0.189984
000914,0.812538,0.811297,0.02918258,0.134943
000915,0.937793,0.558648,0.02023962,0.205201
000916,0.832132,0.565089,0.01546843,0.180547
000917,0.836558,0.537891,0.01361712,0.171046
000918,0.235025,0.557196,0.01279958,0.175947
000919,0.239017,0.574625,0.01257490,0.169104
000920,0.220002,0.521278,0.01056229,0.163636
000921,0.643335,0.292665,0.00674699,0.222000
000922,0.642955,0.289846,0.00567040,0.202609
000923,0.664614,0.315055,0.00569484,0.192878
000924,0.949179,0.384050,0.00909118,0.224521
000925,0.907899,0.428360,0.00776703,0.187993
000926,0.721462,0.567047,0.01492754,0.200845
000927,0.827720,0.461920,0.01430703,0.204115
000928,0.977937,0.436758,0.01359939,0.214252
000929,0.914096,0.465079,0.01089941,0.188889
000930,0.447227,0.428656,0.00754012,0.172995
000931,1.000641,0.508574,0.01395329,0.235066
000932,1.046350,0.408185,0.00596043,0.189427
000933,0.563855,0.457553,0.00769764,0.174202
000934,0.335938,0.673521,0.02046892,0.206557
000935,0.701604,0.471228,0.00884835,0.177355
000936,0.136439,0.545390,0.01593217,0.199688
000937,0.158191,0.565876,0.01740760,0.201369
000938,0.147406,0.505937,0.01189225,0.186217
000939,0.985893,0.354999,0.00683069,0.218746
000940,1.023229,0.451521,0.00816516,0.172071
000941,0.906957,0.368686,0.00478972,0.179158
000942,0.935219,0.408115,0.00757318,0.218244
000943,0.758457,0.409156,0.01101669,0.213012
000944,0.604599,0.423641,0.00866583,0.167987
000945,0.668870,0.457520,0.01710596,0.230700
000946,0.693863,0.448457,0.01453415,0.213744
000947,0.719514,0.498863,0.01415575,0.193673
000948,0.817032,0.470129,0.01160235,0.206625
000949,0.966890,0.388846,0.00770571,0.198859
000950,1.019883,0.425284,0.00798736,0.219337
000951,0.753289,0.377291,0.00577045,0.170536
000952,0.869016,0.313064,0.00413619,0.162826
000953,0.847683,0.397445,0.00769373,0.210080
000954,0.912191,0.406345,0.01105853,0.177699
000955,0.812538,0.401367,0.01433524,0.227839
000956,0.937630,0.396939,0.01413415,0.242271
000957,0.449677,0.415556,0.00744913,0.181853
000958,0.587810,0.415709,0.00723789,0.200094
000959,0.934141,0.421720,0.00691749,0.207852
000960,0.904160,0.440970,0.00902705,0.191166
000961,0.991572,0.445522,0.01027885,0.188654
000962,0.989508,0.361672,0.00566238,0.171539
000963,0.850415,0.355495,0.00896962,0.215185
000964,0.875035,0.366756,0.00865165,0.198658
000965,0.774542,0.324798,0.00830185,0.235205
000966,0.981830,0.369430,0.00558306,0.196304
000967,1.006964,0.326931,0.00744530,0.218629
000968,1.003321,0.327203,0.00520396,0.179176
000969,0.794305,0.328675,0.00674003,0.185501
000970,0.751179,0.316423,0.00587012,0.165335
000971,0.752640,0.314355,0.00579089,0.172468
000972,0.821799,0.479883,0.01175161,0.204120
000973,0.419990,0.459890,0.01150327,0.210241
000974,0.666997,0.515385,0.01086824,0.175758
000975,0.279727,0.489155,0.01091060,0.186978
000976,0.178324,0.640252,0.01504114,0.164573
000977,0.265625,0.501675,0.01006034,0.174105
000978,0.192162,0.332781,0.00504298,0.180254
000979,0.461401,0.354918,0.00609480,0.216385
000980,0.452114,0.341000,0.00543533,0.205707
000981,0.783318,0.396243,0.00742365,0.193956
000982,0.874163,0.348389,0.00633905,0.195091
000983,0.861857,0.429469,0.00791206,0.185196
000984,0.280489,0.408551,0.01279965,0.226426
000985,0.341702,0.418525,0.01117628,0.204358
000986,0.286518,0.399447,0.00790726,0.171601
000987,0.752032,0.414361,0.00766731,0.197795
000988,0.795840,0.352663,0.00586515,0.216864
000989,1.013369,0.347023,0.00846749,0.237054
000990,0.630106,0.547738,0.01051414,0.167412
000991,0.269390,0.526579,0.01231910,0.184801
000992,0.316093,0.546905,0.01145670,0.181035
000993,0.986357,0.582738,0.01981524,0.241277
000994,0.898573,0.589496,0.01887036,0.216201
000995,0.922702,0.594643,0.01832710,0.202782
000996,0.945054,0.362266,0.00831574,0.220879
000997,1.033674,0.359914,0.00682006,0.212012
000998,1.005114,0.304714,0.00461816,0.196035
000999,0.140625,0.435419,0.00779383,0.169961
001000,0.177122,0.461032,0.01160399,0.206270
001001,0.186357,0.485432,0.00823388,0.160877
001002,0.494106,0.409372,0.01058704,0.214297
001003,0.503891,0.411320,0.00815644,0.192908
001004,0.494723,0.423869,0.00743395,0.175218
001005,0.902504,0.486184,0.00751408,0.153765
001006,1.020332,0.366648,0.00763226,0.209140
001007,1.013218,0.386819,0.00764520,0.188223
001008,0.187825,0.413607,0.01084827,0.223027
001009,0.199180,0.478280,0.00897320,0.175647
001010,0.195312,0.420416,0.00698153,0.171074
001011,0.995626,0.530050,0.01162856,0.183691
001012,1.017096,0.430585,0.00825126,0.161382
001013,1.070769,0.489978,0.01258073,0.176998
001014,0.812876,0.432877,0.01259468,0.241442
001015,0.866589,0.463250,0.01122182,0.192551
001016,0.865638,0.430171,0.00706836,0.165300
001017,0.762670,0.526791,0.01036408,0.172927
001018,0.914330,0.513146,0.01118118,0.176939
001019,1.003686,0.466112,0.00921437,0.166892
001020,0.968750,0.549103,0.01228078,0.206849
001021,0.982668,0.475995,0.01208405,0.223156
001022,0.951619,0.525366,0.01220954,0.193410
001023,0.422887,0.740400,0.02757391,0.207094
001024,0.269842,0.726382,0.02401659,0.200047
001025,0.755837,0.746496,0.02252590,0.205274
001026,0.181210,0.545650,0.01601860,0.209760
001027,0.111858,0.546132,0.01120479,0.172302
001028,0.164805,0.527698,0.01162574,0.185362
001029,0.329332,0.394766,0.00672223,0.180485
001030,0.438127,0.411202,0.00565244,0.169999
001031,1.111519,0.478122,0.01154053,0.179928
001032,0.879731,0.391814,0.00730807,0.183902
001033,0.930475,0.304528,0.00406791,0.185773
001034,0.833012,0.380022,0.01013213,0.220822
001035,0.252430,0.483890,0.00921379,0.168557
001036,0.269842,0.427172,0.01130690,0.212199
001037,0.268482,0.464738,0.01043587,0.191355
001038,0.946893,0.560576,0.01464164,0.157053
001039,0.874791,0.550017,0.01238494,0.181021
001040,0.871155,0.593749,0.02054073,0.201633
001041,0.771383,0.652828,0.02144857,0.172083
001042,0.840343,0.628981,0.01605113,0.142078
001043,0.868067,0.623605,0.02385784,0.194912
001044,0.933095,0.407974,0.01032040,0.206362
001045,0.920185,0.420145,0.01259201,0.239601
001046,0.919090,0.408644,0.01178590,0.226091
001047,0.671784,0.618724,0.01632406,0.159268
001048,0.521159,0.610354,0.01710333,0.180946
001049,0.585938,0.601777,0.01685721,0.171117
001050,0.999328,0.427732,0.01303871,0.229934
001051,0.998198,0.446364,0.01152903,0.202027
001052,1.000031,0.472056,0.01380125,0.208168
001053,0.373859,0.538427,0.01321784,0.185768
001054,0.232282,0.458499,0.01035135,0.188283
001055,0.348423,0.659365,0.01344637,0.161030
001056,0.268823,0.349555,0.00476984,0.186868
001057,0.766820,0.411006,0.00794820,0.204658
001058,0.487452,0.346627,0.00502628,0.188003
001059,0.123526,0.484156,0.00853861,0.192872
001060,0.076944,0.422648,0.00612143,0.168801
001061,0.062500,0.491159,0.00879414,0.184181
001062,1.073530,0.375272,0.02705322,0.172028
001063,1.037916,0.445535,0.02647586,0.000000
001064,1.033054,0.459084,0.02565684,0.000000
001065,0.953637,0.253146,0.00369650,0.228796
001066,0.947763,0.266729,0.00376134,0.204443
001067,0.856280,0.260023,0.00431628,0.243360
001068,0.455007,0.354810,0.00562224,0.193610
001069,0.846062,0.359443,0.00707354,0.197832
001070,0.843895,0.374164,0.00582407,0.169597
001071,0.396903,0.326595,0.00501826,0.173523
001072,0.447773,0.361807,0.00654909,0.200325
001073,0.570366,0.355960,0.00662532,0.218231
001074,0.498349,0.206473,0.00268433,0.221539
001075,0.117188,0.307781,0.00639673,0.189581
001076,0.171520,0.253528,0.00381003,0.172700
001077,0.168649,0.727471,0.02252782,0.199575
001078,0.368515,0.891631,0.03545292,0.194690
001079,0.641815,0.847856,0.02383427,0.164007
001080,0.817779,0.311315,0.00714157,0.199157
001081,1.051790,0.216282,0.00417011,0.349566
001082,0.988119,0.297589,0.00530970,0.215640
001083,0.750366,0.361377,0.00684186,0.192424
001084,0.853531,0.351490,0.00828251,0.216336
001085,0.761789,0.347478,0.00606819,0.192366
001086,0.895546,0.621929,0.02361794,0.210277
001087,0.922405,0.604401,0.01891146,0.189794
001088,0.949950,0.570909,0.02147462,0.205790
001089,0.742557,0.638932,0.01604624,0.155990
001090,0.561305,0.638349,0.01543125,0.153614
000000,0.846062,0.457556,0.01074030,0.169757
000001,0.828714,0.450363,0.00879558,0.164867
000002,0.830113,0.442507,0.01212965,0.218272
000003,0.843063,0.456118,0.00859248,0.186846
000004,1.092550,0.409751,0.00832229,0.191647
000005,1.104025,0.350373,0.00589317,0.184794
000006,0.605204,0.493141,0.01124686,0.189160
000007,0.335938,0.667505,0.02165410,0.206398
000008,0.312695,0.467734,0.01065500,0.200742
000009,0.881982,0.575419,0.01154400,0.143418
000010,0.854568,0.556094,0.01186575,0.150952
000011,0.947376,0.547985,0.01189718,0.163285
000012,0.348423,0.422203,0.00873389,0.195107
000013,0.626220,0.453030,0.01021497,0.207217
000014,0.800124,0.477228,0.00971175,0.207233
000015,0.501524,0.419915,0.00821173,0.198046
000016,0.784563,0.389974,0.00570379,0.163398
000017,0.704686,0.379293,0.00604339,0.182089
000018,0.688432,0.467802,0.00893623,0.158573
000019,0.622063,0.466505,0.00967733,0.174635
000020,0.531480,0.401880,0.00864175,0.181228
000021,0.802295,0.438651,0.00755983,0.176163
000022,0.823728,0.447352,0.01089858,0.207841
000023,0.806619,0.483824,0.01036898,0.181136
000024,0.159344,0.604556,0.02074611,0.220713
000025,0.146784,0.596083,0.02182333,0.221678
000026,0.245193,0.509546,0.00920451,0.163625
000027,1.118580,0.525185,0.01805709,0.218499
000028,0.987470,0.510492,0.00871562,0.169250
000029,0.555622,0.464180,0.01131962,0.219315
000030,0.713679,0.426808,0.00675931,0.166034
000031,0.769482,0.386206,0.00753454,0.203210
000032,0.580496,0.392677,0.00625881,0.182849
000033,0.997464,0.314441,0.00592004,0.199671
000034,1.025076,0.396050,0.00820092,0.204068
000035,0.975687,0.384318,0.01039253,0.231267
000036,0.850415,0.470278,0.01286684,0.227425
000037,0.698247,0.435365,0.00773868,0.186617
000038,0.867188,0.475722,0.00982155,0.182544
000039,1.120324,0.444412,0.01141672,0.191188
000040,1.119398,0.539640,0.01601785,0.184495
000041,0.974905,0.454330,0.00873704,0.175706
000042,0.510211,0.433620,0.01228671,0.201231
000043,0.311130,0.388844,0.01132357,0.204271
000044,0.611425,0.455656,0.01094036,0.182389
000045,0.447432,0.478867,0.00835353,0.180684
000046,0.181210,0.437384,0.00622173,0.151981
000047,0.216647,0.438757,0.00750407,0.185811
000048,0.704209,0.457414,0.00734074,0.165431
000049,0.789990,0.397006,0.00687910,0.164313
000050,0.686434,0.423678,0.00713186,0.189793
000051,0.125973,0.444334,0.00697066,0.168138
000052,0.143418,0.424972,0.00844370,0.204623
000053,0.134865,0.440198,0.00698302,0.167658
000054,0.458548,0.621197,0.01624062,0.179791
000055,0.560108,0.612308,0.01229177,0.160037
000056,0.544022,0.630131,0.01802614,0.199080
000057,0.917096,0.440173,0.01113487,0.216802
000058,0.922405,0.444833,0.00972471,0.200238
000059,0.905880,0.444608,0.01152709,0.218476
000060,0.828309,0.388192,0.00652408,0.200945
000061,0.847395,0.372520,0.00560363,0.187386
000062,0.674459,0.390261,0.00933342,0.218936
000063,0.612422,0.613853,0.01547496,0.164808
000064,0.621180,0.595630,0.01364458,0.146457
000065,0.658710,0.623988,0.02409295,0.207744
000066,0.905880,0.347824,0.00740191,0.192563
000067,0.872100,0.274896,0.00460371,0.189191
000068,0.950046,0.348133,0.00799610,0.201943
000069,0.883676,0.548578,0.01161663,0.176185
000070,0.832279,0.550242,0.01298735,0.172677
000071,0.878481,0.546970,0.01529860,0.201845
000072,0.898030,0.547046,0.01401821,0.200729
000073,0.931491,0.562194,0.01183023,0.166620
000074,0.956896,0.551647,0.01284526,0.189672
000075,0.940393,0.551987,0.01520218,0.190238
000076,0.892747,0.531454,0.01077171,0.188882
000077,0.629137,0.533488,0.01611629,0.211733
000078,0.661668,0.523599,0.01604328,0.206213
000079,0.742311,0.543354,0.01682267,0.194388
000080,0.820461,0.562459,0.01388487,0.149553
000081,0.546931,0.371187,0.00751386,0.199724
000082,1.107971,0.318166,0.00463674,0.158422
000083,0.134865,0.402780,0.00681318,0.165538
000084,0.689318,0.567772,0.02148814,0.210227
000085,0.707193,0.570193,0.01476165,0.174862
000086,0.724207,0.580410,0.01962282,0.187130
000087,0.849266,0.373692,0.00899420,0.192753
000088,0.826243,0.401891,0.00729984,0.202124
000089,0.740706,0.438182,0.01188611,0.227035
000090,0.919688,0.389738,0.00624373,0.203725
000091,1.022990,0.366668,0.00818191,0.221285
000092,1.088408,0.369900,0.00880544,0.209669
000093,1.004294,0.406527,0.00724720,0.196618
000094,1.036710,0.515663,0.00868096,0.105968
000095,1.061839,0.442535,0.00674490,0.137848
000096,0.277096,0.375781,0.00801535,0.199160
000097,0.243319,0.356993,0.00529981,0.153637
000098,0.218889,0.357470,0.00594928,0.163619
000099,0.847287,0.431976,0.01108075,0.204201
000100,0.731293,0.427533,0.00801472,0.177151
000101,0.727738,0.435238,0.00764170,0.173864
000102,0.724375,0.471294,0.00840702,0.177103
000103,0.889425,0.326800,0.00454227,0.156450
000104,0.670829,0.359272,0.00561601,0.182956
000105,0.920981,0.435275,0.01421231,0.202038
000106,0.835499,0.441396,0.01070462,0.157529
000107,0.921776,0.452707,0.01114288,0.170993
000108,0.978903,0.435331,0.01079630,0.182721
000109,1.012133,0.437510,0.01276455,0.200458
000110,0.990710,0.406048,0.00746787,0.164272
000111,0.890762,0.415245,0.01152913,0.231692
000112,0.880459,0.431237,0.00816149,0.177792
000113,0.812087,0.441915,0.00855930,0.181808
000114,0.519751,0.611499,0.02052367,0.206821
000115,0.551598,0.601128,0.01327109,0.169830
000116,0.496877,0.592560,0.01728562,0.190859
000117,0.195937,0.539049,0.01056571,0.169791
000118,0.161059,0.435931,0.01076995,0.224328
000119,0.221247,0.524276,0.00932034,0.159375
000120,0.919688,0.401810,0.00948189,0.228942
000121,0.950753,0.396307,0.00894079,0.185549
000122,0.919422,0.404974,0.00928915,0.199486
000123,0.994031,0.414247,0.00722949,0.162302
000124,0.978529,0.430610,0.01046272,0.235405
000125,1.028998,0.401807,0.00836735,0.187405
000126,1.105351,0.429674,0.00752989,0.166266
000127,0.942208,0.432449,0.00960222,0.208236
000128,0.889391,0.386411,0.00570118,0.184606
000129,0.669554,0.494547,0.00982996,0.168275
000130,0.626658,0.475140,0.00866658,0.155830
000131,0.544022,0.466429,0.00867983,0.173429
000132,0.669554,0.412978,0.00922537,0.213268
000133,0.754058,0.437511,0.00936488,0.194613
000134,0.670829,0.440929,0.00781823,0.177930
000135,0.971801,0.481666,0.01158174,0.215990
000136,1.000641,0.446334,0.01202857,0.213103
000137,0.989107,0.481915,0.01043481,0.195175
000138,1.000031,0.490535,0.01319786,0.227033
000139,0.994676,0.464343,0.01310030,0.239913
000140,0.079672,0.424602,0.00773262,0.160894
000141,1.027485,0.580947,0.01658091,0.141067
000142,0.941301,0.517686,0.01923218,0.182438
000143,0.940101,0.616688,0.02275297,0.201190
000144,0.165544,0.367640,0.00551543,0.172952
000145,0.088388,0.469681,0.00836892,0.169858
000146,0.062986,0.854115,0.02121412,0.153015
000147,0.519751,0.648804,0.01303502,0.157089
000148,0.625000,0.618587,0.01499086,0.188615
000149,0.753613,0.576963,0.01557236,0.207813
000150,0.731293,0.484574,0.00938247,0.163939
000151,0.715558,0.471006,0.01221453,0.199965
000152,0.714150,0.494794,0.01054770,0.176045
000153,1.017096,0.512267,0.01625182,0.226319
000154,1.046088,0.504603,0.01361172,0.223692
000155,1.052631,0.519012,0.01446342,0.238323
000156,0.248162,0.536011,0.01027419,0.169394
000157,0.316093,0.578427,0.01616421,0.209651
000158,0.492745,0.568620,0.01115131,0.170383
000159,0.422526,0.508510,0.01257312,0.182057
000160,0.464696,0.506114,0.01510256,0.209642
000161,0.401566,0.494503,0.00941655,0.157808
000162,0.916730,0.315085,0.00845983,0.281764
000163,0.988119,0.233268,0.00519013,0.348148
000164,0.939224,0.226456,0.00579110,0.348778
000165,0.601309,0.426347,0.00771433,0.169093
000166,0.884781,0.383130,0.00776367,0.200246
000167,0.849086,0.374071,0.00770902,0.196915
000168,0.166096,0.432974,0.00797722,0.184018
000169,0.235544,0.465404,0.00836242,0.175068
000170,0.805294,0.557996,0.01116220,0.165207
000171,0.939126,0.343091,0.00471748,0.163720
000172,0.552427,0.299275,0.00313974,0.191249
000173,0.840343,0.288999,0.00327265,0.179844
000174,0.909276,0.369872,0.00682234,0.212793
000175,1.015625,0.384982,0.01045202,0.217153
000176,1.015625,0.383905,0.00685622,0.186352
000177,0.412512,0.574245,0.01041891,0.145161
000178,0.685099,0.517386,0.00993241,0.173521
000179,0.650317,0.544299,0.01688366,0.220557
000180,1.097343,0.372880,0.00539672,0.213627
000181,1.118580,0.431953,0.01307689,0.230729
000182,0.883124,0.370954,0.00482567,0.171465
000183,0.897316,0.214924,0.00363842,0.236183
000184,0.555567,0.323942,0.00745504,0.207147
000185,0.464893,0.445244,0.00800466,0.146014
000186,0.054688,0.637768,0.01750644,0.189929
000187,0.664062,0.663806,0.02055221,0.185549
000188,0.717092,0.661174,0.01306461,0.156468
000189,0.574577,0.425283,0.00775205,0.167871
000190,0.600750,0.425758,0.01085387,0.198569
000191,0.820350,0.450225,0.01337252,0.247333
000192,1.110365,0.335330,0.00616683,0.186287
000193,1.118825,0.418339,0.01105431,0.191788
000194,1.114891,0.378514,0.00707223,0.173587
000195,0.787553,0.570906,0.01733519,0.200478
000196,0.873639,0.568817,0.01121253,0.172101
000197,0.916763,0.524712,0.01335035,0.227988
000198,0.095043,0.520651,0.01439645,0.198237
000199,0.363848,0.636742,0.01358456,0.156537
000200,0.085938,0.420814,0.01000021,0.191814
000201,0.475023,0.288006,0.00596662,0.216943
000202,0.539968,0.243065,0.00469928,0.222993
000203,0.498288,0.329417,0.00614543,0.200118
000204,0.835097,0.616323,0.01579419,0.148792
000205,0.786894,0.586007,0.02381954,0.218690
000206,0.831105,0.586230,0.02337321,0.191624
000207,0.869437,0.207828,0.00380358,0.250118
000208,0.735538,0.292290,0.00589632,0.198047
000209,0.873674,0.214450,0.00477767,0.300868
000210,0.842193,0.673868,0.02390980,0.177026
000211,0.867750,0.671527,0.01693299,0.115447
000212,0.891105,0.671525,0.01982350,0.126595
000213,1.025344,0.398021,0.00850940,0.196650
000214,0.995504,0.446392,0.01030710,0.184147
000215,1.022363,0.384418,0.00777179,0.188650
000216,0.975843,0.604205,0.01590108,0.166321
000217,1.010957,0.554581,0.01246637,0.168774
000218,1.017966,0.533948,0.01474929,0.202263
000219,0.665715,0.605918,0.01700118,0.206447
000220,0.544078,0.490904,0.01507387,0.232340
000221,0.554192,0.609325,0.01650910,0.187351
000222,0.151691,0.654155,0.01257858,0.167783
000223,0.175564,0.549638,0.01450555,0.195650
000224,0.133042,0.612444,0.02012473,0.226510
000225,0.613418,0.541378,0.01413324,0.183315
000226,0.774542,0.549241,0.01588714,0.182197
000227,0.800391,0.573190,0.01425926,0.172609
000228,0.827388,0.252386,0.00597487,0.252082
000229,0.936360,0.253263,0.00430114,0.232154
000230,0.056876,0.499307,0.00827991,0.142118
000231,0.271758,0.372582,0.00496309,0.176638
000232,0.859411,0.438702,0.00687067,0.159121
000233,0.873674,0.438528,0.00877235,0.197773
000234,1.111052,0.350790,0.00699755,0.196495
000235,1.105075,0.489261,0.00977431,0.148481
000236,0.271758,0.358971,0.00496880,0.164794
000237,0.943503,0.391873,0.00583182,0.188088
000238,1.003230,0.410098,0.01190295,0.240235
000239,1.044686,0.458390,0.01293465,0.214111
000240,1.079144,0.356626,0.02782711,0.210868
000241,1.045650,0.429816,0.02975233,0.000000
000242,1.033054,0.458260,0.02134112,0.000000
000243,0.856422,0.466029,0.01128156,0.176560
000244,0.932277,0.482957,0.00997673,0.165202
000245,0.940750,0.474223,0.01394680,0.195799
000246,0.254116,0.474785,0.01099239,0.186675
000247,0.380975,0.454709,0.01071282,0.176182
000248,0.372714,0.428064,0.01039519,0.191205
000249,0.570366,0.418519,0.00838558,0.212652
000250,0.700211,0.454029,0.00636963,0.183847
000251,0.875349,0.374633,0.00693694,0.252437
000252,0.649895,0.423905,0.00643908,0.181559
000253,0.605254,0.423732,0.00599801,0.163206
000254,1.107337,0.574584,0.01552390,0.178849
000255,0.265395,0.399639,0.01032669,0.209322
000256,0.200098,0.354137,0.00523861,0.195097
000257,0.242565,0.374163,0.00508671,0.179803
000258,0.485130,0.351352,0.00502619,0.159986
000259,0.923991,0.422354,0.00773975,0.174165
000260,0.727905,0.342314,0.00458990,0.163342
000261,0.992280,0.394248,0.00635191,0.183570
000262,1.073530,0.456164,0.01221235,0.200938
000263,0.949211,0.414769,0.00589309,0.176211
000264,0.380975,0.511268,0.01206541,0.181896
000265,0.427409,0.554366,0.01158708,0.164104
000266,0.432166,0.566761,0.01390160,0.184149
000267,0.894762,0.363210,0.00734552,0.206139
000268,1.070341,0.418723,0.01152933,0.212521
000269,1.001250,0.314377,0.00756524,0.258740
000270,0.769323,0.420355,0.01113719,0.163608
000271,0.803777,0.444061,0.01219782,0.166933
000272,0.830701,0.469307,0.01359320,0.178365
000273,0.892439,0.486607,0.01021624,0.196835
000274,0.618768,0.428274,0.00627164,0.161656
000275,1.039180,0.373100,0.00994503,0.216987
000276,0.876255,0.475379,0.01195458,0.213328
000277,1.010595,0.421006,0.00976943,0.199702
000278,0.867188,0.452029,0.00992182,0.208609
000279,0.890659,0.414364,0.01204242,0.207852
000280,0.810394,0.422397,0.00983656,0.179103
000281,0.860440,0.418211,0.01163357,0.197387
000282,0.680406,0.314025,0.00532473,0.175915
000283,0.508773,0.287461,0.00491625,0.175873
000284,0.792305,0.354495,0.01022200,0.234971
000285,1.034825,0.430673,0.00924239,0.186458
000286,0.991572,0.361104,0.00851605,0.225574
000287,0.972899,0.389729,0.00829180,0.201879
000288,0.411178,0.509983,0.01089271,0.159392
000289,0.480897,0.589947,0.01757481,0.191589
000290,0.406250,0.544540,0.01723178,0.196192
000291,0.256269,0.577397,0.01139268,0.157797
000292,0.325979,0.551278,0.01555421,0.199727
000293,0.251582,0.541794,0.01724122,0.221095
000294,0.678384,0.433535,0.01089776,0.211330
000295,0.825652,0.338790,0.00462701,0.166288
000296,0.699164,0.432907,0.00808397,0.188799
000297,0.764069,0.518699,0.01739318,0.190686
000298,0.733751,0.547774,0.01545882,0.178430
000299,0.746779,0.497407,0.01318884,0.156925
000300,0.157998,0.369090,0.00761078,0.185100
000301,0.180366,0.386210,0.00665149,0.168058
000302,0.160299,0.408351,0.00715534,0.164212
000303,0.310147,0.499768,0.01086134,0.157557
000304,0.475216,0.399338,0.00856221,0.182592
000305,0.468815,0.400466,0.00802838,0.181917
000306,0.348861,0.583164,0.01118478,0.160638
000307,0.339192,0.556192,0.01455759,0.196479
000308,0.328590,0.571608,0.01804703,0.218328
000309,0.877299,0.561352,0.01316583,0.143639
000310,0.879210,0.592971,0.01304165,0.164673
000311,0.867504,0.567184,0.01407972,0.171414
000312,0.667775,0.436793,0.00961782,0.191420
000313,0.754705,0.402799,0.00806763,0.197061
000314,0.831105,0.429343,0.00834187,0.162494
000315,0.266084,0.549074,0.01714364,0.204338
000316,0.312598,0.566479,0.01143255,0.158686
000317,0.251582,0.543721,0.01153354,0.158782
000318,0.638956,0.406567,0.00942161,0.203121
000319,0.593184,0.412967,0.01006680,0.216773
000320,0.714064,0.423211,0.00766111,0.179976
000321,0.890933,0.424768,0.01314570,0.196422
000322,0.975061,0.312235,0.00872563,0.269832
000323,0.967647,0.287897,0.00852514,0.296448
000324,0.699688,0.416948,0.00655831,0.166308
000325,0.822987,0.400162,0.00747389,0.199310
000326,0.845087,0.377907,0.00676211,0.192604
000327,0.914430,0.505025,0.00886119,0.147785
000328,0.993939,0.294286,0.00573488,0.234374
000329,0.615008,0.339173,0.00684293,0.214366
000330,1.012917,0.520405,0.01219025,0.197777
000331,0.993294,0.489294,0.01100303,0.182121
000332,1.028465,0.425753,0.00944581,0.185401
000333,0.687367,0.391990,0.00706315,0.181723
000334,0.812838,0.403681,0.00775775,0.187384
000335,0.809263,0.450282,0.00848326,0.170924
000336,0.410138,0.442936,0.01269163,0.199187
000337,0.783162,0.562250,0.01078213,0.168768
000338,0.399050,0.506093,0.01507645,0.192406
000339,0.830701,0.436187,0.00930160,0.209792
000340,0.645466,0.377897,0.00837534,0.210300
000341,0.741365,0.369850,0.00601919,0.181178
000342,0.909511,0.424194,0.00979357,0.240831
000343,0.973934,0.450763,0.00751484,0.182819
000344,0.999084,0.436425,0.01476577,0.241780
000345,0.850415,0.512675,0.01075248,0.178451
000346,1.010111,0.392477,0.00930571,0.206940
000347,0.990710,0.405004,0.00864430,0.186995
000348,0.757812,0.463211,0.01128423,0.206901
000349,0.853853,0.389220,0.00959173,0.227853
000350,0.642908,0.380709,0.00807909,0.206841
000351,0.995749,0.434551,0.00881538,0.180791
000352,1.047924,0.428516,0.00901388,0.163362
000353,0.751382,0.422598,0.00675502,0.170743
000354,0.623827,0.423199,0.00973703,0.214340
000355,0.735040,0.429114,0.00734796,0.160472
000356,0.739386,0.433011,0.01041445,0.205401
000357,0.496877,0.474635,0.01380247,0.226234
000358,0.508713,0.475198,0.01232235,0.207293
000359,0.479626,0.465735,0.01003592,0.185602
000360,0.660191,0.369955,0.00804635,0.207384
000361,0.750651,0.354733,0.00704282,0.200743
000362,0.812988,0.385569,0.00964823,0.224447
000363,0.927453,0.429773,0.00839952,0.193198
000364,1.115903,0.335805,0.00557542,0.196470
000365,1.120706,0.441348,0.01185297,0.204217
000366,0.949179,0.393407,0.00892192,0.239084
000367,0.546931,0.380554,0.00731296,0.209335
000368,1.067229,0.481326,0.01373130,0.218499
000369,1.020332,0.336723,0.00426290,0.175205
000370,1.013218,0.566843,0.01495250,0.190846
000371,0.983569,0.351977,0.00526646,0.231295
000372,0.731544,0.575138,0.01406268,0.186949
000373,0.826687,0.578390,0.01129776,0.164829
000374,0.861857,0.509081,0.01173239,0.190984
000375,0.589313,0.435541,0.00674248,0.167107
000376,0.716241,0.435689,0.00717957,0.171327
000377,0.564450,0.466719,0.00781827,0.162498
000378,0.813438,0.349792,0.00655710,0.179317
000379,0.806619,0.354681,0.00763176,0.197539
000380,0.855032,0.351152,0.00673319,0.191952
000381,0.944667,0.512544,0.01168628,0.199236
000382,1.036092,0.521749,0.01965861,0.271241
000383,1.032019,0.496060,0.01260120,0.264578
000384,0.832242,0.471272,0.01146119,0.170285
000385,0.873115,0.455124,0.01151995,0.184344
000386,0.895580,0.457962,0.00979898,0.173465
000387,0.924817,0.355742,0.00701891,0.214127
000388,0.877299,0.394380,0.00607640,0.200231
000389,0.933749,0.378503,0.00695636,0.223694
000390,0.918725,0.453582,0.00788146,0.160687
000391,0.943276,0.421532,0.01061216,0.209083
000392,0.891173,0.436082,0.00961637,0.188309
000393,0.572236,0.553150,0.01639750,0.221208
000394,0.841432,0.527902,0.00934957,0.166303
000395,0.821502,0.510313,0.00970409,0.175686
000396,0.779412,0.469439,0.01235299,0.200128
000397,0.879210,0.483008,0.01049862,0.161250
000398,0.762670,0.450266,0.00898075,0.163801
000399,0.255434,0.407811,0.00625508,0.174178
000400,1.121441,0.454293,0.01365024,0.219352
000401,1.120488,0.381795,0.01033925,0.223685
000402,0.937760,0.432172,0.01108908,0.211964
000403,1.010957,0.392202,0.00768983,0.171422
000404,0.862813,0.420982,0.00795949,0.187848
000405,0.882017,0.358576,0.00694643,0.196170
000406,0.905846,0.324437,0.00731141,0.244379
000407,0.852530,0.326888,0.00678677,0.214871
000408,0.622652,0.372024,0.00544698,0.192375
000409,0.862671,0.376554,0.00892338,0.213254
000410,0.783629,0.398152,0.00691752,0.180982
000411,0.895205,0.441305,0.00897805,0.185827
000412,0.645040,0.424711,0.00925121,0.181731
000413,0.899286,0.458311,0.00846747,0.176064
000414,0.810582,0.585354,0.01394030,0.187636
000415,0.838889,0.579169,0.01530291,0.195143
000416,0.867750,0.547126,0.00976061,0.167712
000417,1.116313,0.485840,0.01515581,0.192715
000418,1.111711,0.369173,0.00605835,0.162601
000419,1.112452,0.513113,0.01497866,0.191942
000420,0.074116,0.526003,0.01055858,0.172437
000421,0.139098,0.365316,0.00613564,0.195498
000422,0.101562,0.448552,0.01001801,0.209658
000423,0.990987,0.419665,0.00597864,0.201162
000424,1.023706,0.402591,0.01050215,0.208613
000425,1.045650,0.414509,0.01157360,0.219082
000426,1.055497,0.390963,0.00841472,0.193087
000427,1.019614,0.382310,0.00784086,0.197931
000428,0.971393,0.429930,0.01150924,0.235861
000429,0.774542,0.400307,0.00613721,0.187147
000430,0.876150,0.407389,0.00660536,0.160211
000431,0.756523,0.424975,0.00818028,0.192957
000432,0.784408,0.420693,0.00873326,0.196589
000433,0.852458,0.408895,0.00730050,0.191645
000434,0.613667,0.425380,0.01097428,0.220232
000435,0.085938,0.676196,0.01969925,0.183994
000436,0.112673,0.470676,0.01055759,0.185037
000437,0.265740,0.926349,0.02555745,0.145241
000438,0.714021,0.425206,0.00779070,0.176812
000439,0.997127,0.392655,0.00671856,0.242258
000440,0.902538,0.415433,0.01082404,0.229433
000441,1.077219,0.605331,0.03209462,0.090628
000442,1.082588,0.629678,0.04169933,0.000000
000443,1.087398,0.634941,0.03928017,0.000000
000444,0.866096,0.797527,0.02042918,0.161326
000445,0.892302,0.793588,0.01882661,0.144793
000446,0.929392,0.780447,0.02117407,0.174512
000447,0.862777,0.508714,0.01631084,0.219246
000448,0.884056,0.485812,0.01155785,0.185337
000449,0.881256,0.452025,0.01013822,0.157492
000450,0.383131,0.487111,0.01013073,0.172847
000451,0.360731,0.514279,0.01290560,0.178829
000452,0.460474,0.497284,0.01375179,0.198374
000453,0.969537,0.381749,0.00737402,0.197538
000454,0.850415,0.438239,0.00804434,0.197636
000455,0.964773,0.426684,0.00762347,0.202491
000456,0.801191,0.433526,0.00742140,0.166258
000457,1.048739,0.278816,0.00406185,0.191214
000458,1.027930,0.330640,0.00622125,0.253211
000459,0.598256,0.589246,0.01483596,0.167746
000460,0.633005,0.604732,0.01437936,0.146251
000461,0.699164,0.612860,0.01696702,0.163502
000462,0.995872,0.463690,0.01068702,0.196528
000463,1.022990,0.578009,0.01257224,0.156513
000464,0.911923,0.538111,0.01032251,0.158051
000465,0.535940,0.426369,0.00641364,0.169845
000466,0.478161,0.433712,0.00969961,0.205168
000467,0.656994,0.389182,0.00653603,0.193270
000468,0.797488,0.363390,0.00794588,0.216479
000469,0.233069,0.150019,0.00111552,0.192935
000470,0.328497,0.085149,0.00043483,0.281679
000471,0.882847,0.376680,0.00605030,0.202914
000472,0.829929,0.344716,0.00444689,0.170711
000473,1.045124,0.453561,0.00883633,0.179656
000474,0.256983,0.824893,0.02328063,0.169278
000475,0.392573,0.467977,0.01279370,0.199261
000476,0.294086,0.534081,0.01285627,0.167759
000477,0.613219,0.451282,0.00860126,0.178688
000478,0.637473,0.500734,0.00879589,0.157179
000479,0.539968,0.407366,0.01068900,0.241740
000480,0.727024,0.400497,0.00709848,0.177552
000481,0.876568,0.411607,0.00751392,0.180250
000482,0.592927,0.407435,0.00779351,0.197410
000483,0.932833,0.422667,0.00968821,0.202401
000484,1.047137,0.437655,0.01242509,0.226247
000485,0.957501,0.406886,0.00640325,0.164429
000486,1.020930,0.416932,0.01513557,0.211596
000487,1.028168,0.385299,0.01485393,0.238941
000488,1.023706,0.414608,0.01231852,0.184798
000489,1.088155,0.563698,0.01473122,0.193847
000490,0.776234,0.410550,0.00930501,0.223041
000491,0.625049,0.404635,0.00900371,0.206581
000492,0.744200,0.484902,0.01260293,0.192427
000493,0.696409,0.480419,0.00969733,0.173123
000494,0.818264,0.491745,0.00980557,0.149790
000495,1.061810,0.481410,0.01025099,0.199918
000496,0.783629,0.396178,0.00604801,0.192514
000497,1.114754,0.517187,0.01179916,0.161758
000498,0.921113,0.378991,0.00682880,0.197108
000499,0.795879,0.450213,0.00698061,0.175160
000500,0.797220,0.444779,0.00895583,0.189992
000501,0.622260,0.452525,0.01019853,0.191742
000502,0.654107,0.462856,0.00775175,0.170461
000503,0.670829,0.460531,0.01189567,0.211615
000504,0.928209,0.403946,0.00666705,0.158762
000505,0.557377,0.428457,0.00790950,0.179037
000506,0.771818,0.432335,0.01051186,0.208989
000507,0.398744,0.542111,0.01064560,0.156213
000508,0.394125,0.550024,0.01396964,0.188756
000509,0.429971,0.556250,0.01347481,0.178429
000510,0.859411,0.426259,0.01115452,0.242122
000511,0.881013,0.376810,0.00621221,0.174474
000512,0.790955,0.492852,0.00966865,0.188472
000513,0.637760,0.325883,0.00435450,0.162306
000514,0.946861,0.402835,0.00666650,0.185125
000515,0.995504,0.378039,0.00887328,0.219757
000516,0.750366,0.400410,0.00937689,0.223718
000517,0.876568,0.348223,0.00546916,0.178428
000518,0.914430,0.354497,0.00711533,0.216534
000519,0.863555,0.371298,0.00586107,0.162354
000520,0.897316,0.371979,0.00722601,0.214612
000521,0.939581,0.356494,0.00604531,0.186196
000522,0.861113,0.342624,0.00791993,0.189472
000523,0.798902,0.273958,0.00442498,0.177410
000524,0.887261,0.354851,0.00875429,0.210617
000525,0.653360,0.585963,0.01590901,0.157376
000526,0.690026,0.621700,0.01810410,0.175280
000527,0.730625,0.612652,0.02214341,0.199247
000528,0.539289,0.491405,0.00751057,0.145850
000529,0.946603,0.464001,0.01102482,0.224602
000530,1.046554,0.401198,0.01026879,0.218183
000531,1.093303,0.377869,0.00677703,0.208231
000532,1.084700,0.406049,0.00631365,0.172623
000533,0.799551,0.426206,0.00579068,0.170148
000534,0.684831,0.442107,0.00634104,0.170265
000535,0.744323,0.441567,0.00806184,0.196692
000536,0.750000,0.473108,0.00898263,0.187464
000537,0.364769,0.250706,0.00462442,0.237205
000538,0.364183,0.366120,0.00663935,0.182591
000539,0.342505,0.412131,0.00983954,0.203547
000540,0.983382,0.400016,0.00672887,0.198739
000541,0.906856,0.360466,0.00564484,0.190201
000542,0.950239,0.368271,0.00525045,0.194672
000543,0.528716,0.376419,0.00707030,0.178182
000544,0.512121,0.379662,0.00791167,0.173727
000545,0.657829,0.356835,0.00728595,0.198465
000546,0.832865,0.291285,0.00486494,0.198035
000547,0.806846,0.242251,0.00370420,0.209851
000548,0.833415,0.339501,0.00525051,0.180210
000549,0.173466,0.503998,0.01059955,0.173311
000550,0.178152,0.431339,0.00926164,0.190091
000551,0.172584,0.441699,0.00739360,0.163001
000552,0.415901,0.338974,0.00697369,0.226701
000553,1.028168,0.279305,0.00482283,0.213015
000554,1.015415,0.329808,0.00605474,0.196218
000555,0.648249,0.555309,0.01313334,0.143586
000556,0.846062,0.576214,0.02125873,0.197617
000557,0.908403,0.574807,0.01453569,0.137869
000558,0.726940,0.384055,0.01009500,0.232463
000559,0.971298,0.261432,0.00633534,0.332703
000560,0.892815,0.268081,0.00467592,0.218502
000561,0.803131,0.375222,0.00572880,0.179179
000562,0.553421,0.368599,0.00838444,0.214236
000563,0.605658,0.442183,0.01025142,0.203417
000564,0.948407,0.402788,0.00896091,0.235037
000565,0.919422,0.386500,0.00932150,0.222725
000566,0.940393,0.389273,0.00865361,0.228583
000567,0.674323,0.475280,0.01234225,0.216789
000568,0.625488,0.441375,0.00958508,0.207277
000569,1.089977,0.462089,0.01063129,0.195624
000570,0.507812,0.334517,0.00648881,0.216778
000571,0.555567,0.345851,0.00715877,0.199119
000572,0.741570,0.224382,0.00376539,0.252169
000573,0.785691,0.462915,0.01105835,0.173972
000574,0.790569,0.481194,0.01124779,0.178409
000575,0.855388,0.483421,0.01190339,0.190280
000576,0.922801,0.411800,0.00882731,0.210307
000577,0.867750,0.411234,0.00951354,0.191437
000578,0.711452,0.423701,0.01070063,0.206795
000579,0.773477,0.418636,0.00983813,0.198624
000580,1.008569,0.320175,0.00517987,0.246370
000581,1.001220,0.334451,0.00551127,0.243904
000582,0.168286,0.584950,0.01497647,0.183462
000583,0.171342,0.573983,0.01851298,0.212781
000584,0.195469,0.529746,0.01412876,0.217578
000585,0.214524,0.474591,0.01118792,0.180003
000586,0.190727,0.466643,0.01012129,0.177440
000587,0.133042,0.580998,0.02013104,0.204922
000588,0.431459,0.356004,0.00578259,0.218578
000589,0.793113,0.419786,0.00752151,0.216094
000590,0.949307,0.386691,0.00605204,0.233553
000591,0.273549,0.407803,0.00672749,0.180182
000592,0.749226,0.414861,0.00874623,0.197522
000593,0.320408,0.423062,0.01171434,0.232863
000594,0.856708,0.439068,0.00917525,0.187337
000595,0.813176,0.408950,0.01134081,0.238055
000596,0.799360,0.425984,0.00775965,0.183290
000597,0.904261,0.519783,0.01374736,0.191619
000598,0.886263,0.522721,0.01734204,0.235259
000599,0.954277,0.529818,0.01139759,0.200298
000600,0.877125,0.583925,0.01902411,0.192983
000601,0.827388,0.590041,0.01480132,0.173061
000602,0.859943,0.643684,0.01689716,0.159255
000603,0.892302,0.416005,0.00688387,0.172761
000604,1.080415,0.343023,0.00687029,0.203554
000605,1.059336,0.310719,0.00587131,0.226392
000606,0.969537,0.414042,0.00833193,0.217785
000607,0.943794,0.448250,0.01264358,0.243911
000608,0.972083,0.466817,0.01534061,0.270218
000609,0.080435,0.771519,0.01944747,0.155467
000610,0.130961,0.447837,0.01067514,0.201512
000611,0.132812,0.604640,0.01374473,0.174409
000612,0.218750,0.481298,0.00954160,0.159115
000613,0.273326,0.378576,0.01123089,0.223697
000614,0.266084,0.384457,0.00938034,0.198190
000615,0.636467,0.446186,0.00942496,0.192757
000616,0.670647,0.425311,0.00865543,0.189718
000617,0.755271,0.469865,0.01413146,0.230748
000618,0.955459,0.393971,0.00894724,0.234828
000619,1.006449,0.367664,0.00819953,0.291925
000620,0.981581,0.370962,0.00755695,0.217983
000621,0.920285,0.317023,0.00620162,0.220189
000622,0.818637,0.354936,0.00904656,0.225017
000623,0.876150,0.330942,0.00570254,0.190840
000624,0.771225,0.471506,0.00979889,0.190647
000625,0.897078,0.443759,0.00816858,0.198025
000626,0.958234,0.451052,0.00894835,0.188103
000627,0.999267,0.423030,0.00948976,0.228957
000628,0.740829,0.456816,0.00858445,0.191512
000629,0.979683,0.410813,0.00958063,0.208185
000630,0.914096,0.414357,0.00925874,0.203239
000631,0.671557,0.393988,0.00737777,0.209269
000632,0.989508,0.416104,0.00918031,0.199850
000633,0.803131,0.278338,0.00442709,0.202426
000634,0.723869,0.392647,0.00771804,0.203221
000635,0.671148,0.416772,0.00716129,0.177380
000636,0.779764,0.468769,0.00946517,0.170122
000637,0.712353,0.457868,0.01203702,0.211667
000638,0.743215,0.481952,0.00907660,0.157314
000639,0.160869,0.559564,0.01575475,0.198618
000640,0.773280,0.918348,0.03147847,0.136267
000641,0.361492,0.876561,0.03674195,0.199675
000642,0.756482,0.431298,0.00922695,0.188709
000643,0.747432,0.427185,0.00986358,0.196277
000644,0.730751,0.394060,0.00744085,0.166408
000645,0.818040,0.590706,0.01796815,0.188410
000646,1.069400,0.493696,0.00935909,0.162366
000647,1.061810,0.521794,0.01379064,0.185104
000648,0.760546,0.417993,0.00706884,0.155351
000649,0.873219,0.436958,0.01009283,0.194759
000650,0.858096,0.438486,0.00787113,0.166063
000651,1.004294,0.482104,0.01237581,0.203492
000652,1.008085,0.391831,0.00774533,0.194354
000653,1.027128,0.416733,0.00940872,0.197159
000654,0.890762,0.485083,0.01240150,0.227482
000655,0.734749,0.488726,0.00921575,0.178355
000656,0.796262,0.579467,0.01341194,0.179187
000657,0.375407,0.392558,0.00754419,0.165300
000658,0.419990,0.395544,0.00682359,0.172124
000659,0.410138,0.373797,0.00800621,0.191241
000660,0.161059,0.439700,0.00913516,0.179968
000661,0.157029,0.463750,0.00844884,0.168280
000662,0.206404,0.433493,0.00915184,0.187985
000663,0.753329,0.622161,0.01529757,0.192281
000664,0.719811,0.615223,0.01987482,0.209225
000665,0.891618,0.549990,0.01442292,0.182436
000666,0.972083,0.425265,0.01188855,0.235505
000667,0.977343,0.465719,0.01506908,0.231257
000668,0.988829,0.410994,0.01108267,0.204130
000669,0.305588,0.509833,0.01195262,0.174496
000670,0.311032,0.548922,0.01312553,0.180565
000671,0.187825,0.514044,0.01203210,0.190253
000672,0.747718,0.495003,0.01118511,0.179825
000673,0.852852,0.536817,0.01433439,0.180101
000674,0.802561,0.542525,0.01477440,0.176832
000675,0.910148,0.478088,0.01034900,0.187123
000676,0.928341,0.454955,0.00944570,0.184036
000677,0.892473,0.464445,0.00744733,0.176460
000678,0.834330,0.357499,0.00737241,0.197326
000679,0.829929,0.350490,0.00589169,0.191522
000680,0.911957,0.363112,0.00629118,0.174040
000681,0.987779,0.452586,0.00859457,0.172357
000682,1.008085,0.443007,0.01043114,0.168685
000683,0.953925,0.449581,0.01043416,0.182158
000684,0.949307,0.414297,0.01065918,0.242934
000685,0.907091,0.430132,0.00789280,0.212421
000686,0.964235,0.396384,0.00920277,0.243346
000687,0.956896,0.509706,0.01863929,0.200429
000688,1.014573,0.500001,0.01224762,0.158401
000689,0.932833,0.436107,0.01129530,0.186771
000690,0.515684,0.390005,0.00889252,0.212900
000691,0.976687,0.396268,0.00846672,0.239745
000692,1.109403,0.363934,0.00787439,0.218983
000693,0.963506,0.425704,0.00971790,0.172011
000694,0.965626,0.473722,0.01094681,0.180744
000695,0.892815,0.456402,0.01229419,0.220824
000696,0.398744,0.495192,0.01861310,0.224841
000697,0.403612,0.512641,0.01102095,0.160811
000698,0.435613,0.562720,0.01495402,0.171107
000699,1.020421,0.377365,0.01540170,0.233741
000700,1.044453,0.402541,0.01141239,0.167068
000701,1.042610,0.412835,0.01294424,0.190342
000702,0.166096,0.524256,0.01274907,0.178981
000703,0.213240,0.345732,0.00657645,0.174743
000704,0.206847,0.403877,0.00990706,0.197619
000705,0.153888,0.796423,0.03302074,0.216288
000706,0.133728,0.774544,0.02324118,0.186302
000707,0.962683,0.784086,0.02872733,0.207732
000708,0.876255,0.355913,0.00528211,0.186124
000709,1.074666,0.386695,0.00692790,0.159972
000710,1.095200,0.443288,0.01003034,0.181856
000711,0.460474,0.541960,0.01693324,0.213952
000712,0.650317,0.549622,0.01278633,0.182008
000713,0.685232,0.567952,0.01318807,0.163598
000714,0.343039,0.215554,0.00416540,0.202720
000715,0.224940,0.441351,0.00735074,0.163624
000716,0.513549,0.100635,0.00236476,0.289764
000717,0.806846,0.544275,0.01190060,0.143805
000718,0.909074,0.555217,0.02131348,0.230525
000719,0.941949,0.556621,0.01406748,0.133978
000720,0.956896,0.505578,0.01197950,0.167574
000721,0.933618,0.526236,0.01592729,0.200481
000722,0.925443,0.533826,0.01329405,0.175934
000723,1.029651,0.403711,0.01071048,0.221931
000724,0.978436,0.400864,0.00887197,0.200927
000725,0.988212,0.422847,0.00681668,0.152506
000726,0.870314,0.555274,0.01411908,0.192036
000727,0.855032,0.571815,0.01783569,0.188361
000728,0.932539,0.576339,0.01325204,0.130578
000729,1.005417,0.473067,0.00987361,0.190287
000730,0.841432,0.387203,0.00693263,0.211510
000731,1.083462,0.524717,0.01036121,0.141454
000732,0.199180,0.377726,0.01109402,0.226071
000733,0.210213,0.293998,0.00472658,0.182193
000734,0.185207,0.384429,0.00925773,0.194996
000735,0.237993,0.512014,0.00928291,0.162684
000736,0.136439,0.532412,0.01033571,0.161806
000737,0.552538,0.494432,0.00876835,0.156328
000738,0.255434,0.125874,0.00251084,0.227793
000739,0.255075,0.278951,0.00460609,0.183553
000740,0.211082,0.115572,0.00183186,0.210566
000741,0.689495,0.409329,0.00603418,0.184715
000742,1.011228,0.431616,0.01150967,0.206474
000743,0.984065,0.375300,0.00829616,0.196707
000744,0.973276,0.592410,0.01848838,0.135814
000745,0.992280,0.622192,0.01644280,0.115428
000746,0.993693,0.638831,0.02286103,0.164128
000747,0.795533,0.324501,0.00415202,0.172600
000748,0.954661,0.399258,0.00765672,0.192663
000749,0.413472,0.373340,0.00723431,0.202002
000750,0.630542,0.343023,0.00542027,0.197708
000751,0.666219,0.467772,0.01138864,0.197868
000752,0.548268,0.433415,0.00766253,0.183871
000753,0.799551,0.463360,0.01211566,0.211841
000754,0.746288,0.432441,0.01342483,0.229605
000755,0.863096,0.454174,0.01009786,0.172715
000756,0.414062,0.294665,0.00579950,0.186255
000757,0.426766,0.307582,0.00636227,0.203861
000758,0.429759,0.299609,0.00623179,0.189466
000759,0.540024,0.602629,0.02057568,0.212155
000760,0.642338,0.591400,0.01554766,0.177093
000761,0.631074,0.622562,0.01604041,0.170128
000762,0.848691,0.433933,0.00954445,0.181904
000763,0.879210,0.421859,0.00922055,0.192154
000764,0.895546,0.428041,0.01215737,0.211606
000765,0.758577,0.439759,0.00745059,0.170781
000766,0.701604,0.401753,0.01032239,0.222146
000767,0.732919,0.411231,0.00727696,0.170635
000768,0.823617,0.516641,0.00827681,0.155719
000769,0.945926,0.564760,0.01156436,0.161614
000770,1.066628,0.470938,0.00885318,0.172324
000771,0.894898,0.448107,0.01157665,0.203140
000772,0.953637,0.440388,0.01442677,0.215429
000773,0.805294,0.413083,0.00830730,0.197844
000774,0.896397,0.543464,0.01280342,0.172182
000775,0.971298,0.538097,0.01108311,0.156421
000776,0.976687,0.541244,0.01630949,0.208337
000777,1.002073,0.558906,0.01287239,0.196264
000778,1.055497,0.562528,0.01320562,0.185337
000779,1.031723,0.569790,0.01120275,0.171641
000780,0.459811,0.360757,0.00945130,0.229507
000781,0.371155,0.369112,0.00707759,0.180377
000782,0.455543,0.359905,0.00680326,0.188798
000783,0.164248,0.558312,0.01051770,0.162976
000784,0.167012,0.546305,0.01142090,0.180917
000785,0.127178,0.555218,0.01239486,0.178467
000786,0.821242,0.559460,0.01503219,0.165022
000787,0.797411,0.598251,0.01405804,0.153925
000788,0.784758,0.596083,0.01351311,0.156276
000789,0.789411,0.223673,0.00214270,0.185476
000790,0.203275,0.158812,0.00167393,0.241295
000791,0.430326,0.094686,0.00066537,0.296931
000792,0.981270,0.389850,0.01255544,0.235181
000793,0.986852,0.390769,0.01309639,0.239215
000794,0.950335,0.401248,0.00932118,0.190066
000795,0.229905,0.439114,0.00707501,0.161458
000796,0.431035,0.551853,0.01437722,0.190102
000797,0.286518,0.468263,0.01307323,0.218238
000798,0.689318,0.478261,0.00858614,0.186926
000799,0.952548,0.358808,0.00726932,0.260088
000800,1.051703,0.401839,0.00882908,0.192336
000801,0.101863,0.729225,0.01749346,0.161974
000802,0.138438,0.564248,0.01662266,0.206142
000803,0.134411,0.548673,0.01193360,0.175217
000804,1.043283,0.432022,0.00860208,0.190131
000805,1.020212,0.308097,0.00494994,0.196243
000806,0.999542,0.329215,0.00613041,0.196505
000807,0.550047,0.386016,0.00855165,0.191063
000808,0.654387,0.399919,0.00885166,0.185976
000809,0.655180,0.407563,0.01102053,0.210658
000810,0.526287,0.470500,0.01219056,0.208670
000811,0.632764,0.472703,0.00812861,0.162027
000812,0.798444,0.433903,0.00983836,0.195155
000813,0.766262,0.400629,0.00723926,0.195166
000814,1.034235,0.437663,0.01347102,0.245705
000815,0.903147,0.359405,0.00598534,0.205420
000816,0.685366,0.636525,0.02126306,0.198430
000817,0.522212,0.609862,0.01983122,0.184951
000818,0.679508,0.589094,0.02221984,0.196481
000819,0.790955,0.360897,0.00571572,0.182294
000820,1.114891,0.398161,0.01066909,0.232412
000821,1.118907,0.319678,0.00708084,0.217457
000822,0.721547,0.305325,0.00912311,0.236117
000823,0.945442,0.372214,0.00714965,0.231095
000824,0.635507,0.299625,0.00814671,0.209899
000825,0.770948,0.459579,0.00866902,0.167442
000826,0.823320,0.469192,0.01187456,0.191749
000827,0.829818,0.462634,0.01088264,0.185045
000828,0.500061,0.439433,0.00865166,0.179330
000829,0.758819,0.496758,0.00923704,0.161971
000830,0.455543,0.431896,0.00755945,0.169257
000831,0.922405,0.380648,0.00657450,0.181549
000832,0.177122,0.425043,0.01215560,0.213489
000833,0.722181,0.317070,0.00569701,0.211887
000834,0.620344,0.484066,0.01129610,0.190837
000835,0.340360,0.461391,0.00777551,0.168286
000836,0.842193,0.483427,0.01245203,0.197776
000837,0.648485,0.457520,0.00857313,0.174908
000838,1.111052,0.517807,0.01618772,0.215791
000839,0.994430,0.456652,0.01241165,0.226110
000840,1.014573,0.535369,0.00962887,0.172707
000841,1.037299,0.408113,0.01001177,0.237146
000842,1.015625,0.464494,0.01067800,0.217306
000843,0.657412,0.383302,0.00646876,0.188288
000844,0.977593,0.371512,0.00838618,0.217050
000845,0.953637,0.357312,0.00568082,0.176931
000846,0.986728,0.424184,0.01061580,0.205483
000847,0.373124,0.534520,0.01169765,0.147383
000848,1.062155,0.491888,0.01397339,0.196037
000849,0.774857,0.360809,0.00587227,0.172567
000850,0.690335,0.373166,0.01064246,0.234866
000851,0.760225,0.378903,0.00894393,0.212753
000852,0.968655,0.400191,0.00615518,0.193665
000853,1.064910,0.367808,0.00640569,0.172073
000854,1.013730,0.380663,0.00630006,0.185596
000855,0.862247,0.397281,0.00747598,0.175463
000856,0.648485,0.386899,0.00862315,0.187870
000857,0.710422,0.355604,0.00642171,0.169584
000858,0.581756,0.466312,0.00892530,0.170170
000859,0.465942,0.486731,0.01216302,0.207213
000860,0.962239,0.511153,0.01306498,0.173979
000861,0.414062,0.459162,0.00910383,0.165235
000862,0.294190,0.445205,0.00959232,0.176235
000863,0.387960,0.454943,0.01182487,0.203155
000864,0.940165,0.410931,0.00944634,0.232023
000865,0.921776,0.426812,0.00752028,0.195317
000866,0.954661,0.393431,0.00811098,0.223393
000867,0.569670,0.522405,0.01876753,0.203318
000868,0.716454,0.582238,0.01822414,0.185818
000869,0.661899,0.566694,0.01683039,0.195930
000870,0.434420,0.387951,0.00553580,0.156432
000871,0.501524,0.386120,0.00584798,0.156881
000872,0.728073,0.377543,0.00663489,0.183503
000873,0.981798,0.587182,0.02202330,0.180179
000874,0.989446,0.591568,0.01744527,0.134718
000875,1.005873,0.598050,0.01734750,0.122862
000876,0.206404,0.448757,0.01293462,0.208390
000877,0.184382,0.911654,0.03002769,0.172095
000878,0.261106,0.507327,0.01570300,0.217312
000879,0.851598,0.415687,0.00966217,0.207949
000880,0.891070,0.409463,0.00895403,0.189305
000881,0.812500,0.392683,0.01122830,0.229136
000882,0.953125,0.393785,0.00770131,0.181554
000883,0.855995,0.326940,0.00695908,0.241445
000884,0.622063,0.337556,0.00593936,0.186766
000885,0.678249,0.543733,0.01844149,0.198966
000886,0.759783,0.578893,0.01515160,0.188483
000887,0.535484,0.536993,0.01381126,0.183693
000888,0.796722,0.399823,0.00593119,0.179804
000889,0.637760,0.410807,0.00975533,0.222545
000890,0.762670,0.388817,0.00709655,0.190342
000891,0.908403,0.490764,0.01050919,0.187119
000892,0.999267,0.468773,0.00929747,0.172951
000893,0.950046,0.451435,0.00988632,0.180756
000894,0.858096,0.456016,0.00720340,0.183847
000895,0.858096,0.427038,0.00883381,0.223583
000896,1.110365,0.561203,0.01288892,0.192980
000897,0.868172,0.495545,0.01101901,0.165152
000898,0.898268,0.453246,0.01084950,0.179450
000899,0.904700,0.504274,0.01651739,0.211191
000900,0.739593,0.443537,0.01017606,0.207766
000901,0.997188,0.368398,0.00815611,0.226104
000902,0.918692,0.443695,0.01102565,0.228158
000903,1.022722,0.548513,0.01117714,0.194725
000904,1.084363,0.529864,0.01010455,0.170118
000905,1.032788,0.550519,0.00965603,0.162676
000906,0.850092,0.394990,0.00721627,0.197901
000907,0.809226,0.397959,0.00710405,0.186689
000908,0.835061,0.404900,0.00860078,0.197174
000909,1.059393,0.390966,0.00839153,0.206854
000910,0.886985,0.487841,0.01332633,0.204493
000911,0.946958,0.455742,0.01132802,0.219078
000912,0.312500,0.521480,0.01221726,0.186141
000913,0.841468,0.687895,0.02330013,0.189984
000914,0.812538,0.811297,0.02918258,0.134943
000915,0.937793,0.558648,0.02023962,0.205201
000916,0.832132,0.565089,0.01546843,0.180547
000917,0.836558,0.537891,0.01361712,0.171046
000918,0.235025,0.557196,0.01279958,0.175947
000919,0.239017,0.574625,0.01257490,0.169104
000920,0.220002,0.521278,0.01056229,0.163636
000921,0.643335,0.292665,0.00674699,0.222000
000922,0.642955,0.289846,0.00567040,0.202609
000923,0.664614,0.315055,0.00569484,0.192878
000924,0.949179,0.384050,0.00909118,0.224521
000925,0.907899,0.428360,0.00776703,0.187993
000926,0.721462,0.567047,0.01492754,0.200845
000927,0.827720,0.461920,0.01430703,0.204115
000928,0.977937,0.436758,0.01359939,0.214252
000929,0.914096,0.465079,0.01089941,0.188889
000930,0.447227,0.428656,0.00754012,0.172995
000931,1.000641,0.508574,0.01395329,0.235066
000932,1.046350,0.408185,0.00596043,0.189427
000933,0.563855,0.457553,0.00769764,0.174202
000934,0.335938,0.673521,0.02046892,0.206557
000935,0.701604,0.471228,0.00884835,0.177355
000936,0.136439,0.545390,0.01593217,0.199688
000937,0.158191,0.565876,0.01740760,0.201369
000938,0.147406,0.505937,0.01189225,0.186217
000939,0.985893,0.354999,0.00683069,0.218746
000940,1.023229,0.451521,0.00816516,0.172071
000941,0.906957,0.368686,0.00478972,0.179158
000942,0.935219,0.408115,0.00757318,0.218244
000943,0.758457,0.409156,0.01101669,0.213012
000944,0.604599,0.423641,0.00866583,0.167987
000945,0.668870,0.457520,0.01710596,0.230700
000946,0.693863,0.448457,0.01453415,0.213744
000947,0.719514,0.498863,0.01415575,0.193673
000948,0.817032,0.470129,0.01160235,0.206625
000949,0.966890,0.388846,0.00770571,0.198859
000950,1.019883,0.425284,0.00798736,0.219337
000951,0.753289,0.377291,0.00577045,0.170536
000952,0.869016,0.313064,0.00413619,0.162826
000953,0.847683,0.397445,0.00769373,0.210080
000954,0.912191,0.406345,0.01105853,0.177699
000955,0.812538,0.401367,0.01433524,0.227839
000956,0.937630,0.396939,0.01413415,0.242271
000957,0.449677,0.415556,0.00744913,0.181853
000958,0.587810,0.415709,0.00723789,0.200094
000959,0.934141,0.421720,0.00691749,0.207852
000960,0.904160,0.440970,0.00902705,0.191166
000961,0.991572,0.445522,0.01027885,0.188654
000962,0.989508,0.361672,0.00566238,0.171539
000963,0.850415,0.355495,0.00896962,0.215185
000964,0.875035,0.366756,0.00865165,0.198658
000965,0.774542,0.324798,0.00830185,0.235205
000966,0.981830,0.369430,0.00558306,0.196304
000967,1.006964,0.326931,0.00744530,0.218629
000968,1.003321,0.327203,0.00520396,0.179176
000969,0.794305,0.328675,0.00674003,0.185501
000970,0.751179,0.316423,0.00587012,0.165335
000971,0.752640,0.314355,0.00579089,0.172468
000972,0.821799,0.479883,0.01175161,0.204120
000973,0.419990,0.459890,0.01150327,0.210241
000974,0.666997,0.515385,0.01086824,0.175758
000975,0.279727,0.489155,0.01091060,0.186978
000976,0.178324,0.640252,0.01504114,0.164573
000977,0.265625,0.501675,0.01006034,0.174105
000978,0.192162,0.332781,0.00504298,0.180254
000979,0.461401,0.354918,0.00609480,0.216385
000980,0.452114,0.341000,0.00543533,0.205707
000981,0.783318,0.396243,0.00742365,0.193956
000982,0.874163,0.348389,0.00633905,0.195091
000983,0.861857,0.429469,0.00791206,0.185196
000984,0.280489,0.408551,0.01279965,0.226426
000985,0.341702,0.418525,0.01117628,0.204358
000986,0.286518,0.399447,0.00790726,0.171601
000987,0.752032,0.414361,0.00766731,0.197795
000988,0.795840,0.352663,0.00586515,0.216864
000989,1.013369,0.347023,0.00846749,0.237054
000990,0.630106,0.547738,0.01051414,0.167412
000991,0.269390,0.526579,0.01231910,0.184801
000992,0.316093,0.546905,0.01145670,0.181035
000993,0.986357,0.582738,0.01981524,0.241277
000994,0.898573,0.589496,0.01887036,0.216201
000995,0.922702,0.594643,0.01832710,0.202782
000996,0.945054,0.362266,0.00831574,0.220879
000997,1.033674,0.359914,0.00682006,0.212012
000998,1.005114,0.304714,0.00461816,0.196035
000999,0.140625,0.435419,0.00779383,0.169961
001000,0.177122,0.461032,0.01160399,0.206270
001001,0.186357,0.485432,0.00823388,0.160877
001002,0.494106,0.409372,0.01058704,0.214297
001003,0.503891,0.411320,0.00815644,0.192908
001004,0.494723,0.423869,0.00743395,0.175218
001005,0.902504,0.486184,0.00751408,0.153765
001006,1.020332,0.366648,0.00763226,0.209140
001007,1.013218,0.386819,0.00764520,0.188223
001008,0.187825,0.413607,0.01084827,0.223027
001009,0.199180,0.478280,0.00897320,0.175647
001010,0.195312,0.420416,0.00698153,0.171074
001011,0.995626,0.530050,0.01162856,0.183691
001012,1.017096,0.430585,0.00825126,0.161382
001013,1.070769,0.489978,0.01258073,0.176998
001014,0.812876,0.432877,0.01259468,0.241442
001015,0.866589,0.463250,0.01122182,0.192551
001016,0.865638,0.430171,0.00706836,0.165300
001017,0.762670,0.526791,0.01036408,0.172927
001018,0.914330,0.513146,0.01118118,0.176939
001019,1.003686,0.466112,0.00921437,0.166892
001020,0.968750,0.549103,0.01228078,0.206849
001021,0.982668,0.475995,0.01208405,0.223156
001022,0.951619,0.525366,0.01220954,0.193410
001023,0.422887,0.740400,0.02757391,0.207094
001024,0.269842,0.726382,0.02401659,0.200047
001025,0.755837,0.746496,0.02252590,0.205274
001026,0.181210,0.545650,0.01601860,0.209760
001027,0.111858,0.546132,0.01120479,0.172302
001028,0.164805,0.527698,0.01162574,0.185362
001029,0.329332,0.394766,0.00672223,0.180485
001030,0.438127,0.411202,0.00565244,0.169999
001031,1.111519,0.478122,0.01154053,0.179928
001032,0.879731,0.391814,0.00730807,0.183902
001033,0.930475,0.304528,0.00406791,0.185773
001034,0.833012,0.380022,0.01013213,0.220822
001035,0.252430,0.483890,0.00921379,0.168557
001036,0.269842,0.427172,0.01130690,0.212199
001037,0.268482,0.464738,0.01043587,0.191355
001038,0.946893,0.560576,0.01464164,0.157053
001039,0.874791,0.550017,0.01238494,0.181021
001040,0.871155,0.593749,0.02054073,0.201633
001041,0.771383,0.652828,0.02144857,0.172083
001042,0.840343,0.628981,0.01605113,0.142078
001043,0.868067,0.623605,0.02385784,0.194912
001044,0.933095,0.407974,0.01032040,0.206362
001045,0.920185,0.420145,0.01259201,0.239601
001046,0.919090,0.408644,0.01178590,0.226091
001047,0.671784,0.618724,0.01632406,0.159268
001048,0.521159,0.610354,0.01710333,0.180946
001049,0.585938,0.601777,0.01685721,0.171117
001050,0.999328,0.427732,0.01303871,0.229934
001051,0.998198,0.446364,0.01152903,0.202027
001052,1.000031,0.472056,0.01380125,0.208168
001053,0.373859,0.538427,0.01321784,0.185768
001054,0.232282,0.458499,0.01035135,0.188283
001055,0.348423,0.659365,0.01344637,0.161030
001056,0.268823,0.349555,0.00476984,0.186868
001057,0.766820,0.411006,0.00794820,0.204658
001058,0.487452,0.346627,0.00502628,0.188003
001059,0.123526,0.484156,0.00853861,0.192872
001060,0.076944,0.422648,0.00612143,0.168801
001061,0.062500,0.491159,0.00879414,0.184181
001062,1.073530,0.375272,0.02705322,0.172028
001063,1.037916,0.445535,0.02647586,0.000000
001064,1.033054,0.459084,0.02565684,0.000000
001065,0.953637,0.253146,0.00369650,0.228796
001066,0.947763,0.266729,0.00376134,0.204443
001067,0.856280,0.260023,0.00431628,0.243360
001068,0.455007,0.354810,0.00562224,0.193610
001069,0.846062,0.359443,0.00707354,0.197832
001070,0.843895,0.374164,0.00582407,0.169597
001071,0.396903,0.326595,0.00501826,0.173523
001072,0.447773,0.361807,0.00654909,0.200325
001073,0.570366,0.355960,0.00662532,0.218231
001074,0.498349,0.206473,0.00268433,0.221539
001075,0.117188,0.307781,0.00639673,0.189581
001076,0.171520,0.253528,0.00381003,0.172700
001077,0.168649,0.727471,0.02252782,0.199575
001078,0.368515,0.891631,0.03545292,0.194690
001079,0.641815,0.847856,0.02383427,0.164007
001080,0.817779,0.311315,0.00714157,0.199157
001081,1.051790,0.216282,0.00417011,0.349566
001082,0.988119,0.297589,0.00530970,0.215640
001083,0.750366,0.361377,0.00684186,0.192424
001084,0.853531,0.351490,0.00828251,0.216336
001085,0.761789,0.347478,0.00606819,0.192366
001086,0.895546,0.621929,0.02361794,0.210277
001087,0.922405,0.604401,0.01891146,0.189794
001088,0.949950,0.570909,0.02147462,0.205790
001089,0.742557,0.638932,0.01604624,0.155990
001090,0.561305,0.638349,0.01543125,0.153614
001091,0.772174,0.617985,0.01650518,0.167156
001092,0.545758,0.413129,0.00900560,0.194152
001093,1.040823,0.408200,0.00842005,0.169327
001094,1.006449,0.473945,0.01117647,0.199357
001095,0.469010,0.598287,0.01240296,0.179386
001096,0.372141,0.698055,0.02271875,0.198734
001097,0.525242,0.618576,0.01203092,0.156096
001098,0.968561,0.392378,0.00860586,0.202808
001099,1.040031,0.415121,0.00919810,0.208355
001100,0.994921,0.367501,0.00770640,0.193602
001101,0.593442,0.528536,0.01536556,0.205981
001102,0.756886,0.542456,0.00924124,0.160965
001103,0.576433,0.565237,0.01837867,0.233331
001104,0.701648,0.454657,0.01066320,0.197972
001105,0.382812,0.444126,0.00689570,0.163007
001106,0.414725,0.655968,0.01509535,0.150240
001107,0.895000,0.397291,0.00713550,0.166764
001108,0.897724,0.444792,0.01203937,0.211032
001109,0.963348,0.428316,0.01084687,0.198074
001110,0.834586,0.607601,0.01231337,0.170215
001111,0.869437,0.581371,0.01836095,0.210625
001112,0.903856,0.586036,0.01600867,0.204030
001113,0.684698,0.462353,0.00785802,0.181214
001114,0.715516,0.454160,0.00973779,0.196828
001115,1.037769,0.525836,0.01127721,0.182202
001116,0.368515,0.475511,0.01078612,0.175187
001117,0.475216,0.583439,0.01364154,0.166518
001118,0.435823,0.582663,0.01762839,0.200932
001119,0.598868,0.402382,0.00630315,0.194020
001120,1.076794,0.378471,0.00500339,0.198168
001121,1.113466,0.497772,0.01440520,0.181026
001122,0.889665,0.359990,0.00875620,0.224299
001123,0.814188,0.356227,0.00612589,0.179843
001124,0.878516,0.387143,0.00720879,0.185215
001125,0.863555,0.417746,0.00999751,0.216247
001126,0.844365,0.428882,0.00829754,0.189561
001127,0.848115,0.383996,0.00692256,0.184613
001128,0.223716,0.473672,0.00829670,0.151780
001129,0.140842,0.570278,0.01157555,0.162457
001130,0.739386,0.479999,0.00841718,0.155141
001131,0.091443,0.351459,0.00424384,0.150442
001132,1.111244,0.375951,0.00784037,0.206055
001133,1.115958,0.439441,0.01225904,0.188521
001134,1.026326,0.300994,0.00496767,0.183619
001135,1.034677,0.426632,0.01110952,0.221298
001136,1.007934,0.419058,0.01060770,0.210859
001137,0.646363,0.405506,0.00739822,0.195867
001138,0.998931,0.398261,0.01004100,0.212325
001139,1.051703,0.449427,0.01006278,0.179092
001140,0.824024,0.595417,0.01397386,0.174349
001141,0.777883,0.578468,0.01371565,0.179130
001142,0.968498,0.591975,0.01306087,0.148929
001143,0.912224,0.434560,0.00789109,0.208276
001144,1.008902,0.401185,0.00780012,0.184114
001145,1.042610,0.439904,0.00938849,0.175422
001146,0.264358,0.509862,0.00995624,0.173155
001147,0.288111,0.446668,0.00975626,0.195544
001148,0.472382,0.503423,0.00850707,0.172826
001149,0.741365,0.387615,0.01284479,0.235485
001150,1.040941,0.413013,0.00664216,0.184284
001151,0.734541,0.397925,0.01045799,0.207783
001152,0.723701,0.327216,0.00728056,0.215805
001153,0.801191,0.265111,0.00446428,0.194418
001154,0.914096,0.275465,0.00401349,0.206245
001155,0.637377,0.361677,0.00535736,0.163346
001156,0.702126,0.363955,0.00777072,0.205698
001157,0.703732,0.328786,0.00615347,0.205855
001158,0.976281,0.574360,0.01404530,0.178899
001159,0.919090,0.613537,0.01623731,0.175126
001160,0.957916,0.615477,0.01542715,0.156938
001161,0.883953,0.440484,0.00923669,0.214751
001162,0.864791,0.365213,0.00559534,0.184313
001163,0.727402,0.381123,0.00637038,0.182661
001164,0.939094,0.436845,0.00762291,0.153120
001165,1.055266,0.374913,0.00853380,0.199705
001166,0.988860,0.383861,0.00681740,0.188436
001167,1.015415,0.372146,0.00873908,0.184133
001168,0.948535,0.389228,0.00755846,0.177867
001169,0.861078,0.413359,0.00698239,0.164987
001170,0.785691,0.650316,0.02087347,0.169121
001171,0.843786,0.629723,0.02478620,0.212201
001172,0.868067,0.625790,0.02110433,0.175232
001173,0.779882,0.475395,0.00865355,0.167992
001174,0.797832,0.456120,0.00881987,0.171878
001175,0.609275,0.477896,0.01104811,0.200883
001176,0.812237,0.369884,0.00915056,0.190842
001177,0.744855,0.341061,0.00786995,0.202351
001178,0.768529,0.354429,0.00952504,0.218703
001179,0.125973,0.422477,0.00735435,0.164319
001180,0.227101,0.465310,0.00980612,0.182870
001181,0.111858,0.612140,0.01984734,0.198750
001182,0.695312,0.431822,0.00920347,0.191502
001183,0.583641,0.426349,0.01001250,0.212948
001184,0.765665,0.436443,0.00737355,0.176978
001185,0.845773,0.459136,0.01062548,0.187726
001186,0.904227,0.417145,0.01042447,0.207034
001187,0.432166,0.452259,0.00838946,0.200128
001188,0.960969,0.517948,0.01501183,0.223871
001189,0.983879,0.453981,0.00939260,0.211690
001190,0.953541,0.510700,0.01731563,0.238775
001191,0.891618,0.416445,0.01160489,0.237616
001192,0.893669,0.415826,0.01113116,0.211839
001193,0.854139,0.412298,0.01397001,0.232959
001194,1.021647,0.419664,0.00735515,0.187800
001195,0.446408,0.427208,0.00700841,0.191672
001196,1.095200,0.299160,0.00437557,0.209106
001197,0.670283,0.428065,0.00735455,0.171211
001198,0.710980,0.459365,0.00801945,0.172158
001199,0.647448,0.430051,0.00866848,0.201550
001200,0.482924,0.644560,0.01303688,0.156252
001201,0.676627,0.668046,0.01976665,0.184030
001202,0.872835,0.571148,0.01438137,0.179694
001203,0.733918,0.262297,0.00561745,0.240411
001204,0.703862,0.253041,0.00537848,0.251415
001205,0.655738,0.257749,0.00369136,0.191461
001206,0.588484,0.311921,0.00680358,0.197304
001207,0.613418,0.243948,0.00522198,0.230041
001208,0.539119,0.264793,0.00696064,0.257738
001209,0.718792,0.256678,0.00380636,0.217202
001210,0.529524,0.277799,0.00500340,0.213064
001211,0.459943,0.228840,0.00347727,0.226027
001212,0.163130,0.536047,0.01268128,0.182352
001213,0.172052,0.466470,0.00925155,0.175300
001214,0.128847,0.599824,0.01384826,0.165854
001215,0.654107,0.463488,0.01228948,0.202015
001216,0.672057,0.473442,0.01487131,0.229026
001217,0.711667,0.478440,0.01002092,0.175905
001218,1.108384,0.345070,0.00639174,0.191402
001219,1.093778,0.462491,0.00940782,0.169709
001220,1.105545,0.473562,0.00901239,0.155761
001221,1.020212,0.365298,0.00859196,0.216542
001222,1.006601,0.404638,0.00974075,0.206050
001223,1.024868,0.332931,0.00801714,0.238990
001224,0.979838,0.414638,0.01061790,0.220995
001225,1.039503,0.426113,0.00850039,0.176375
001226,1.039092,0.401870,0.01049104,0.212515
001227,0.797220,0.440237,0.00968041,0.175501
001228,0.795073,0.460270,0.01460696,0.224528
001229,0.858416,0.441695,0.00999029,0.178434
001230,0.651443,0.429252,0.01053852,0.185686
001231,0.680450,0.402081,0.00930709,0.205933
001232,0.692542,0.441360,0.01206180,0.204291
001233,0.948921,0.572096,0.01921534,0.168092
001234,0.903147,0.566851,0.01499465,0.158903
001235,0.886985,0.532445,0.01715696,0.151549
001236,0.831288,0.439891,0.00689526,0.172178
001237,0.827388,0.443725,0.00836436,0.183767
001238,0.825357,0.366559,0.00591257,0.167838
001239,0.720277,0.473762,0.01173195,0.209010
001240,0.994369,0.498969,0.01226371,0.193710
001241,1.107999,0.480700,0.01171764,0.178004
001242,0.729748,0.423141,0.00756050,0.190509
001243,0.806619,0.376722,0.00804788,0.213633
001244,0.285129,0.466464,0.00878234,0.173206
001245,0.834183,0.473241,0.00761992,0.182496
001246,0.714021,0.524413,0.01127646,0.190862
001247,1.020690,0.440023,0.01039585,0.221269
001248,0.618126,0.485798,0.01134618,0.198700
001249,0.605204,0.402081,0.00840037,0.170802
001250,0.562500,0.391040,0.00960754,0.190109
001251,0.879731,0.794779,0.02207623,0.173279
001252,0.903721,0.752207,0.01644255,0.150987
001253,0.948439,0.773506,0.01865491,0.158404
001254,0.839180,0.598633,0.02155694,0.198239
001255,0.789217,0.627175,0.02222084,0.185928
001256,0.911655,0.581866,0.01545107,0.140428
001257,0.573035,0.521840,0.01021818,0.168632
001258,0.791071,0.549493,0.01269280,0.170099
001259,0.833854,0.557721,0.01002916,0.153112
001260,0.976562,0.538422,0.01526336,0.222550
001261,0.800162,0.531582,0.01240864,0.190315
001262,0.817891,0.532521,0.01166156,0.171529
001263,0.734749,0.425350,0.00910482,0.193708
001264,0.812988,0.388079,0.00741735,0.191062
001265,0.645040,0.427989,0.00805750,0.191831
001266,0.951747,0.553902,0.01764746,0.202090
001267,0.989970,0.511853,0.01296480,0.231804
001268,0.977343,0.560507,0.01359156,0.172492
001269,0.625439,0.425893,0.01030392,0.220535
001270,1.040119,0.371711,0.00886721,0.215559
001271,1.049234,0.443538,0.00840177,0.194979
001272,0.711109,0.411544,0.00905951,0.208751
001273,0.849661,0.390479,0.00614151,0.175624
001274,0.713166,0.396369,0.00687531,0.182791
001275,0.738395,0.492465,0.01027680,0.163997
001276,0.798252,0.507903,0.01087791,0.155540
001277,0.797488,0.496384,0.01501531,0.202002
001278,0.721843,0.401313,0.01048241,0.240974
001279,0.780077,0.363418,0.00849856,0.215576
001280,0.828457,0.394709,0.00828166,0.197881
001281,0.220002,0.378710,0.00583018,0.164639
001282,0.181210,0.384751,0.00603592,0.168086
001283,0.160299,0.417162,0.01081838,0.214739
001284,0.994676,0.428527,0.01646203,0.237695
001285,0.979059,0.408105,0.01147358,0.185599
001286,0.969411,0.396571,0.01213877,0.192861
001287,0.907899,0.564980,0.01709837,0.208282
001288,1.112177,0.476558,0.00899949,0.155302
001289,1.057952,0.494868,0.00827436,0.146927
001290,0.133728,0.526468,0.01383759,0.194192
001291,0.154087,0.506900,0.00919921,0.162248
001292,0.151691,0.570281,0.01375324,0.179463
001293,0.404594,0.485563,0.01403965,0.215989
001294,0.427694,0.497942,0.00903477,0.170850
001295,0.406250,0.485110,0.00820907,0.165053
001296,0.911789,0.456407,0.01138362,0.214728
001297,0.843895,0.467386,0.00957885,0.185901
001298,0.886951,0.452294,0.01373385,0.229828
001299,0.889734,0.320789,0.00701018,0.214801
001300,0.923892,0.351889,0.00532879,0.181277
001301,0.891892,0.375650,0.00593606,0.148415
001302,0.620934,0.414604,0.00804818,0.178082
001303,0.986295,0.432011,0.00820484,0.187514
001304,0.998198,0.357773,0.00871776,0.224192
001305,0.953157,0.635005,0.02513548,0.203607
001306,0.820945,0.637970,0.02281671,0.177668
001307,0.907899,0.587774,0.01313928,0.177625
001308,0.528139,0.475257,0.01230421,0.192194
001309,0.502253,0.458030,0.01280136,0.197200
001310,0.526287,0.460820,0.01200175,0.188994
001311,0.580285,0.553773,0.01425364,0.161844
001312,0.671193,0.615073,0.01579364,0.166192
001313,0.719641,0.653904,0.01985818,0.190019
001314,0.622750,0.465972,0.01149520,0.209470
001315,0.809377,0.431000,0.00706941,0.163143
001316,0.728073,0.406779,0.00718775,0.181125
001317,0.758577,0.473522,0.01446214,0.212208
001318,0.752640,0.473939,0.00892494,0.160192
001319,0.762309,0.458616,0.01164569,0.197690
001320,0.680450,0.406802,0.01063207,0.216625
001321,0.729539,0.450124,0.01023265,0.199532
001322,0.672057,0.413738,0.00994328,0.196149
001323,0.740829,0.430355,0.00928282,0.205466
001324,0.627534,0.384985,0.00828668,0.212451
001325,0.705075,0.356059,0.00617998,0.188374
001326,0.875314,0.389646,0.00712257,0.192778
001327,0.987378,0.340252,0.00704127,0.189620
001328,0.992649,0.372914,0.00681703,0.172624
001329,0.569027,0.476996,0.01254222,0.200070
001330,0.859837,0.537966,0.01274010,0.197814
001331,0.907058,0.536411,0.00950227,0.178460
001332,0.572182,0.644459,0.01789631,0.182571
001333,0.562500,0.607834,0.01208580,0.164442
001334,0.529697,0.644207,0.01664894,0.187577
001335,0.637042,0.525079,0.01608074,0.181369
001336,0.865779,0.503726,0.01687080,0.177380
001337,0.791534,0.525432,0.01425066,0.162677
001338,0.468815,0.282624,0.00425445,0.181327
001339,0.552206,0.223255,0.00303880,0.199244
001340,0.534914,0.264923,0.00562277,0.238079
001341,0.784408,0.398719,0.00713361,0.186176
001342,0.754422,0.387017,0.00687471,0.180958
001343,0.654807,0.410205,0.00775149,0.183842
001344,0.907663,0.656622,0.01975434,0.159576
001345,0.972931,0.622146,0.02551994,0.188756
001346,0.991572,0.599291,0.02199072,0.162447
001347,0.828641,0.429626,0.00974993,0.220634
001348,0.963348,0.502335,0.01051632,0.208636
001349,0.999573,0.462824,0.01031934,0.209908
001350,1.027752,0.397503,0.01043420,0.206651
001351,0.993141,0.442618,0.00764929,0.169976
001352,0.359884,0.383075,0.00535541,0.161120
001353,1.070398,0.468520,0.01170560,0.208623
001354,0.994400,0.353375,0.00622581,0.195140
001355,0.781406,0.352580,0.00593058,0.162588
001356,0.779255,0.511467,0.01429267,0.206657
001357,0.822987,0.512374,0.01473028,0.207676
001358,0.761949,0.510798,0.01032905,0.159926
001359,0.983786,0.409203,0.01014881,0.215278
001360,0.996699,0.362723,0.00899941,0.216377
001361,0.973088,0.351731,0.00510328,0.159304
001362,0.690026,0.406897,0.01003530,0.219712
001363,0.835974,0.473097,0.01200391,0.209574
001364,0.862140,0.397393,0.00748840,0.192375
001365,0.907058,0.328902,0.00504693,0.182561
001366,0.883676,0.367906,0.00733029,0.209863
001367,1.003564,0.409735,0.00883941,0.225181
001368,0.853138,0.347250,0.00534713,0.189143
001369,1.062615,0.305081,0.00523435,0.196383
001370,1.027366,0.358621,0.00714919,0.212055
001371,0.985490,0.373701,0.00842059,0.206281
001372,1.002469,0.299401,0.00438902,0.177963
001373,1.026296,0.463654,0.01065921,0.195709
001374,1.023557,0.483483,0.01022441,0.194030
001375,0.898438,0.427648,0.00980243,0.191210
001376,0.930213,0.407745,0.01106943,0.261063
001377,0.704772,0.399668,0.00604428,0.178592
001378,0.665715,0.379447,0.00653595,0.197276
001379,0.706070,0.429539,0.00977455,0.212374
001380,0.851562,0.666035,0.01833412,0.120960
001381,0.864791,0.660744,0.01709234,0.123167
001382,0.851562,0.660103,0.02598876,0.179466
001383,0.862777,0.410361,0.01236513,0.221163
001384,0.828457,0.374598,0.00897070,0.205841
001385,0.708659,0.415952,0.00915805,0.161749
001386,0.188150,0.400496,0.00547652,0.174918
001387,0.412808,0.771692,0.02221057,0.161014
001388,0.332376,0.633528,0.02272549,0.210614
001389,0.906048,0.438572,0.01208686,0.230164
001390,0.832095,0.421421,0.00853408,0.185809
001391,0.863555,0.437739,0.00895853,0.193497
001392,0.618126,0.328045,0.00619683,0.188721
001393,0.587394,0.320002,0.00530550,0.174586
001394,0.580496,0.379286,0.00815522,0.199990
001395,0.909074,0.453065,0.00727976,0.179254
001396,0.851706,0.396271,0.00785641,0.216475
001397,0.950239,0.436325,0.00722977,0.165281
001398,0.539572,0.379399,0.00768291,0.178474
001399,0.919621,0.329370,0.00686396,0.220577
001400,0.879210,0.364518,0.00698525,0.192317
001401,0.949725,0.412313,0.01035870,0.218793
001402,1.035532,0.381338,0.00873206,0.208863
001403,1.031842,0.384824,0.01093626,0.237768
001404,0.527098,0.423227,0.01033892,0.231476
001405,0.231361,0.460174,0.00771661,0.165063
001406,0.573035,0.436191,0.00582878,0.164734
001407,0.907091,0.466151,0.01237735,0.204160
001408,0.930475,0.448639,0.01059172,0.203145
001409,0.904936,0.404701,0.00745007,0.171238
001410,0.907058,0.435931,0.00873971,0.204002
001411,0.851885,0.412408,0.00874067,0.205667
001412,0.781406,0.382023,0.00587482,0.170870
001413,1.037916,0.404446,0.00996964,0.221825
001414,0.941431,0.396745,0.00658636,0.154404
001415,0.936490,0.359239,0.00753519,0.216696
001416,0.985552,0.378130,0.01068833,0.186826
001417,0.807149,0.370748,0.00815069,0.169807
001418,0.934141,0.363636,0.00993199,0.201616
001419,0.829929,0.388048,0.00735273,0.202133
001420,0.634931,0.362078,0.00509055,0.158901
001421,0.630106,0.397654,0.00606515,0.175283
001422,0.943859,0.423063,0.00818051,0.188011
001423,1.106235,0.459854,0.00968794,0.151279
001424,1.099344,0.382517,0.00965206,0.216614
001425,0.891481,0.412808,0.00828524,0.188206
001426,0.908571,0.405220,0.00863561,0.204754
001427,0.854568,0.416868,0.01080915,0.187147
001428,0.158191,0.518126,0.01052518,0.169299
001429,0.127178,0.691451,0.01442071,0.154181
001430,0.157224,0.572834,0.01835955,0.221257
001431,0.989816,0.513516,0.00952957,0.183936
001432,1.018655,0.407871,0.01147547,0.228820
001433,0.985893,0.359605,0.00956618,0.247299
001434,0.953413,0.414806,0.00612977,0.170800
001435,1.096036,0.491293,0.01553341,0.207960
001436,1.047487,0.380590,0.00612383,0.160536
001437,0.174693,0.596377,0.01253285,0.166320
001438,0.179688,0.549992,0.01282716,0.182142
001439,0.171342,0.557383,0.01849579,0.213213
001440,0.986636,0.593155,0.01959831,0.210987
001441,1.032817,0.570964,0.01646499,0.163979
001442,0.961287,0.566374,0.01246366,0.151499
001443,1.008388,0.525463,0.00942185,0.163258
001444,1.000488,0.453000,0.00967249,0.183959
001445,0.986017,0.471583,0.01393897,0.223389
001446,0.336754,0.669196,0.01658908,0.178587
001447,0.353294,0.510321,0.00980285,0.183778
001448,0.644235,0.677614,0.01672062,0.180045
001449,0.709261,0.493723,0.00857356,0.187448
001450,0.830113,0.437712,0.00862848,0.191900
001451,0.990433,0.396574,0.01059324,0.229884
001452,0.952548,0.468543,0.00877701,0.192571
001453,0.982171,0.336588,0.00760771,0.224334
001454,0.998198,0.396950,0.00721415,0.175675
001455,0.523845,0.525836,0.01409386,0.195702
001456,0.535484,0.572422,0.01699417,0.193020
001457,0.265280,0.147137,0.00323690,0.264186
001458,0.834622,0.381657,0.00640244,0.185272
001459,0.790647,0.383741,0.00669329,0.188901
001460,0.715558,0.419836,0.00650540,0.173852
001461,0.202824,0.522905,0.00854500,0.148389
001462,0.206256,0.550053,0.01533648,0.201972
001463,0.144055,0.456717,0.00915158,0.176883
001464,0.665210,0.344159,0.00508904,0.183016
001465,0.816771,0.358238,0.00666817,0.203403
001466,0.712824,0.401348,0.00758440,0.210283
001467,0.141490,0.521728,0.01629936,0.216396
001468,0.044194,0.716826,0.01708910,0.172756
001469,0.227772,0.556857,0.01339360,0.189048
001470,0.987501,0.435591,0.00778320,0.179047
001471,0.999908,0.441650,0.00917536,0.174419
001472,1.002469,0.381695,0.00725554,0.186010
001473,0.802371,0.333428,0.00743327,0.216137
001474,0.834330,0.374252,0.00946478,0.227716
001475,0.694258,0.341654,0.00601154,0.196068
001476,0.737237,0.540961,0.01930746,0.189898
001477,0.894864,0.552946,0.01753651,0.175074
001478,0.887089,0.582490,0.01702236,0.174615
001479,0.373451,0.591814,0.01831716,0.188954
001480,0.438197,0.593616,0.01494460,0.169876
001481,0.429048,0.560826,0.01684508,0.203908
001482,0.962302,0.461425,0.01167181,0.201281
001483,0.878133,0.422136,0.00746363,0.166472
001484,0.828162,0.444324,0.01236876,0.220395
001485,0.781250,0.412724,0.00704136,0.173935
001486,0.962968,0.441078,0.01107725,0.199070
001487,0.937533,0.468391,0.01114475,0.221085
001488,0.817891,0.435622,0.00728609,0.172469
001489,0.674776,0.414114,0.00922488,0.216844
001490,0.846675,0.439042,0.00923223,0.198925
001491,0.776234,0.336514,0.00524620,0.182102
001492,1.062500,0.480644,0.01067492,0.174714
001493,0.988860,0.360642,0.00668606,0.193174
001494,1.030836,0.286194,0.00752322,0.312244
001495,0.963823,0.213739,0.00512413,0.315755
001496,1.060948,0.237309,0.00454791,0.328668
001497,0.622063,0.559948,0.01243382,0.164810
001498,0.505946,0.514254,0.01199095,0.179423
001499,0.687544,0.543109,0.01891571,0.207410
001500,0.450694,0.535134,0.01069394,0.163824
001501,0.482608,0.503737,0.01684336,0.231160
001502,0.638956,0.511437,0.01002432,0.167721
001503,1.004932,0.427944,0.01200183,0.230456
001504,1.027128,0.410221,0.00876161,0.209951
001505,1.045650,0.359989,0.00872508,0.247271
001506,0.528139,0.555374,0.01697435,0.205450
001507,0.688609,0.586801,0.01273529,0.154932
001508,0.574630,0.551410,0.01156745,0.157350
001509,0.859943,0.449250,0.00886761,0.187602
001510,0.996974,0.415725,0.00907837,0.195394
001511,1.059307,0.471143,0.01147026,0.210464
001512,0.367520,0.458654,0.01149783,0.184492
001513,0.346931,0.482772,0.01005368,0.155341
001514,0.339192,0.440310,0.00896318,0.161902
001515,0.875035,0.562428,0.01381617,0.169744
001516,0.881290,0.574660,0.01424956,0.159850
001517,0.923496,0.562506,0.01473921,0.150815
001518,0.794151,0.489695,0.00862628,0.192607
001519,1.072477,0.476799,0.01285984,0.209436
001520,1.085516,0.504294,0.00957113,0.136289
001521,0.855032,0.256124,0.00627683,0.259335
001522,0.892473,0.221131,0.00549668,0.271180
001523,0.852422,0.258768,0.00694118,0.262987
001524,0.862990,0.419579,0.01057865,0.207874
001525,0.751666,0.398528,0.00816422,0.193802
001526,0.892747,0.401232,0.00763653,0.189337
001527,0.798252,0.201610,0.00372854,0.254077
001528,0.863661,0.162159,0.00216969,0.257462
001529,0.735247,0.180421,0.00341432,0.256759
001530,0.960810,0.403061,0.01096846,0.248934
001531,0.986636,0.384428,0.00919496,0.252196
001532,0.901828,0.385630,0.00938243,0.200024
001533,0.984654,0.361571,0.00681360,0.186845
001534,1.017906,0.441442,0.01064646,0.189799
001535,0.994921,0.410466,0.00801280,0.178905
001536,0.145321,0.589552,0.01283842,0.185758
001537,0.118996,0.584743,0.01208011,0.173017
001538,0.118225,0.675373,0.01803471,0.178303
001539,0.481341,0.578581,0.01126549,0.153064
001540,0.471994,0.535825,0.01632572,0.211593
001541,0.500061,0.540710,0.01171536,0.164377
001542,0.164062,0.520871,0.01046939,0.166017
001543,0.186357,0.756298,0.03000094,0.207561
001544,0.213240,0.482757,0.01500398,0.217528
001545,0.265740,0.574139,0.01181270,0.169880
001546,0.377110,0.516141,0.01517431,0.192052
001547,0.375081,0.448673,0.00947452,0.165303
001548,0.267000,0.457676,0.00846950,0.152762
001549,0.353294,0.424837,0.01118330,0.192822
001550,0.415314,0.375897,0.00867203,0.194139
001551,0.616049,0.611388,0.01794613,0.187669
001552,0.592206,0.632331,0.01219762,0.146436
001553,0.635891,0.588279,0.01922800,0.224937
001554,0.164062,0.853508,0.03334506,0.173606
001555,0.172052,0.569459,0.01286734,0.174090
001556,0.080435,0.797189,0.02318869,0.187709
001557,0.943859,0.530572,0.01524124,0.209098
001558,0.957629,0.547751,0.01617748,0.211222
001559,1.048302,0.504732,0.01401546,0.217744
001560,0.813288,0.442698,0.00734279,0.165050
001561,0.617385,0.442822,0.00771540,0.169085
001562,0.790647,0.417414,0.00838902,0.205709
001563,0.895546,0.409890,0.00745116,0.187563
001564,0.718962,0.399328,0.00767380,0.205968
001565,0.785962,0.382460,0.00785541,0.206723
001566,0.478161,0.564879,0.01451906,0.188902
001567,0.720277,0.589005,0.01476481,0.188724
001568,0.592206,0.577601,0.01603113,0.195957
001569,0.569884,0.476589,0.01039231,0.179139
001570,0.961795,0.466740,0.00966342,0.212571
001571,0.966763,0.490762,0.01263939,0.230874
001572,0.797411,0.236266,0.00306530,0.302791
001573,0.754746,0.288388,0.00434584,0.273640
001574,0.843063,0.237965,0.00302217,0.312834
001575,1.081545,0.490053,0.00873598,0.168624
001576,1.115903,0.495871,0.01419760,0.183992
001577,1.105075,0.468896,0.01149728,0.178301
001578,0.681884,0.428070,0.00892271,0.202413
001579,0.827277,0.368629,0.00789401,0.239540
001580,0.835061,0.385085,0.00840365,0.240392
001581,0.664614,0.450087,0.01214138,0.167762
001582,0.761348,0.493537,0.01207551,0.155247
001583,0.800467,0.443288,0.01172475,0.161897
001584,0.984530,0.338135,0.00731662,0.223645
001585,0.985769,0.336368,0.00575788,0.183026
001586,1.027930,0.314784,0.00517803,0.203576
001587,0.557705,0.411419,0.00672229,0.180325
001588,0.775368,0.378100,0.00771020,0.215537
001589,0.140625,0.480702,0.01246605,0.206913
001590,0.684876,0.402318,0.00676320,0.180626
001591,0.796875,0.382178,0.00802140,0.221284
001592,0.850738,0.418133,0.00678703,0.169030
001593,0.140842,0.412452,0.00759978,0.172768
001594,0.157998,0.356577,0.00681732,0.187870
001595,0.145321,0.403944,0.00922025,0.205881
001596,0.657829,0.541915,0.01388733,0.154940
001597,0.654481,0.562967,0.01892283,0.192010
001598,0.556226,0.554896,0.01630338,0.189573
001599,0.771225,0.575185,0.01396464,0.189541
001600,0.931884,0.586724,0.02200229,0.226438
001601,0.988521,0.540986,0.01575805,0.228000
001602,0.222348,0.539146,0.01460943,0.192649
001603,0.214524,0.579311,0.01208171,0.165483
001604,0.233069,0.526607,0.01748216,0.223384
001605,0.604447,0.557710,0.01220920,0.165322
001606,0.635171,0.589935,0.01218262,0.157810
001607,0.556390,0.556426,0.01556520,0.201898
001608,0.723869,0.398405,0.00976563,0.208274
001609,0.759140,0.385669,0.01084004,0.227136
001610,0.764069,0.415581,0.01243172,0.240949
001611,0.437291,0.489418,0.01073306,0.185418
001612,0.470375,0.489898,0.01243154,0.201557
001613,0.464893,0.505884,0.01270921,0.192082
001614,0.915130,0.594136,0.01490013,0.198571
001615,0.582228,0.535775,0.01455297,0.217106
001616,0.797717,0.555466,0.01175299,0.176976
001617,0.921113,0.589847,0.01872818,0.220054
001618,0.986481,0.560577,0.01205109,0.210800
001619,0.940165,0.567106,0.01764554,0.208216
001620,0.691086,0.966185,0.04306944,0.150674
001621,0.177122,0.555653,0.01324393,0.182723
001622,0.070312,0.873789,0.02049730,0.156684
001623,1.002956,0.435333,0.00738629,0.165660
001624,1.088968,0.438302,0.00802511,0.168432
001625,1.042610,0.426541,0.01200583,0.217878
001626,0.452653,0.640205,0.01686250,0.180070
001627,1.116422,0.530353,0.01218855,0.136238
001628,1.110942,0.626178,0.01505386,0.141505
001629,0.495401,0.477616,0.01071314,0.191472
001630,0.702256,0.463575,0.00819654,0.162223
001631,0.771818,0.462544,0.00887025,0.174766
001632,0.749064,0.465366,0.00836619,0.173428
001633,0.657179,0.411544,0.00721889,0.190198
001634,0.760104,0.429356,0.00803104,0.187113
001635,0.889734,0.435169,0.00731358,0.187696
001636,0.839180,0.440377,0.01131780,0.221886
001637,0.972272,0.369939,0.00662589,0.174073
001638,0.531767,0.487238,0.01344436,0.218847
001639,0.668870,0.495666,0.00921426,0.162014
001640,0.702126,0.506700,0.01287504,0.195149
001641,0.998290,0.437546,0.01180584,0.216860
001642,1.039180,0.442871,0.01392988,0.229107
001643,1.029176,0.441533,0.01134799,0.189471
001644,0.846422,0.267200,0.00632879,0.270385
001645,0.164062,0.616137,0.01572998,0.152073
001646,0.210938,0.624726,0.02234037,0.189464
001647,0.238121,0.387643,0.00631202,0.180209
001648,1.093583,0.485531,0.01129859,0.159820
001649,0.180366,0.442276,0.00759519,0.176948
001650,0.586406,0.379047,0.00575633,0.159202
001651,0.571168,0.391149,0.00552210,0.163392
001652,0.737237,0.369252,0.00594830,0.182325
001653,0.794612,0.439818,0.01139295,0.206892
001654,0.660930,0.389626,0.00699730,0.191212
001655,0.816247,0.459808,0.01212773,0.203316
001656,0.728408,0.405360,0.00701173,0.172903
001657,0.786312,0.391998,0.00676957,0.185509
001658,0.885332,0.400098,0.00578216,0.163953
001659,0.743830,0.405124,0.01052064,0.213486
001660,0.719302,0.346759,0.00885295,0.201966
001661,0.717092,0.372491,0.00973837,0.197521
001662,0.833341,0.372340,0.00631202,0.193643
001663,0.573248,0.406576,0.00611431,0.186647
001664,1.116122,0.393166,0.00743601,0.169501
001665,0.685010,0.288779,0.00522760,0.200045
001666,0.672828,0.363415,0.00620671,0.166909
001667,0.732586,0.388581,0.00796854,0.174056
001668,0.437291,0.455957,0.01046134,0.176334
001669,0.861397,0.492138,0.00849165,0.177861
001670,0.807867,0.505426,0.01395866,0.208907
001671,0.905071,0.459227,0.01257506,0.227084
001672,1.068000,0.386027,0.00825064,0.193519
001673,1.038563,0.423236,0.01041257,0.251693
001674,0.835974,0.613817,0.02621438,0.213810
001675,0.859553,0.558444,0.01698942,0.170434
001676,0.881809,0.538344,0.02283507,0.218800
001677,0.449881,0.228567,0.00363854,0.219743
001678,0.186357,0.269623,0.00463520,0.209281
001679,0.259700,0.243450,0.00362171,0.181739
001680,0.906385,0.604217,0.01478997,0.143628
001681,0.979838,0.545768,0.01507406,0.142316
001682,0.923628,0.634700,0.01540622,0.165123
001683,0.536793,0.309912,0.00607012,0.204408
001684,0.479690,0.295791,0.00593052,0.171064
001685,0.480199,0.287158,0.00628021,0.199925
001686,0.860440,0.622721,0.01827859,0.183889
001687,1.041380,0.572009,0.01344665,0.195180
001688,1.116313,0.609796,0.01454960,0.172454
001689,0.420716,0.581255,0.01233855,0.164977
001690,0.406250,0.565711,0.01452146,0.178561
001691,0.380975,0.562080,0.01518371,0.189040
001692,0.490386,0.492121,0.01166128,0.191779
001693,0.498349,0.481835,0.00918555,0.166479
001694,0.499817,0.483608,0.01147917,0.188275
001695,0.513965,0.417360,0.00610222,0.161572
001696,0.598052,0.351776,0.00481644,0.155356
001697,0.770433,0.305990,0.00445639,0.177602
001698,0.522212,0.547993,0.01204873,0.161625
001699,0.565368,0.553817,0.01305823,0.166486
001700,0.519399,0.507105,0.01704763,0.208726
001701,0.816883,0.438525,0.00740025,0.184290
001702,1.022811,0.487783,0.00862948,0.195522
001703,1.033674,0.455959,0.00805446,0.165867
001704,0.749226,0.486594,0.00754528,0.169730
001705,0.709347,0.427148,0.00665638,0.189146
001706,0.905071,0.472612,0.00986982,0.189160
001707,0.799246,0.536232,0.01228430,0.187566
001708,0.828457,0.572403,0.01115331,0.172603
001709,0.683315,0.577136,0.01635392,0.209075
001710,0.817928,0.400160,0.00696880,0.179426
001711,0.588484,0.334092,0.00669614,0.213639
001712,0.665210,0.355799,0.00681619,0.203701
001713,1.002834,0.408809,0.00864096,0.228312
001714,1.003230,0.469171,0.01062122,0.228200
001715,1.000000,0.432293,0.00935009,0.216987
001716,0.259700,0.310615,0.00428597,0.199670
001717,0.312500,0.281555,0.00308999,0.194671
001718,0.542674,0.216225,0.00175079,0.199875
001719,0.869437,0.507446,0.01197435,0.209133
001720,0.919422,0.453015,0.00720165,0.162982
001721,1.040119,0.529641,0.01198678,0.189668
001722,0.884160,0.394683,0.01168121,0.211913
001723,0.630106,0.348655,0.00787660,0.173149
001724,0.778315,0.365707,0.01105106,0.200972
001725,0.966511,0.454581,0.01308043,0.225567
001726,0.842628,0.396886,0.00599907,0.184260
001727,0.913829,0.360315,0.00704849,0.196978
001728,0.486261,0.427955,0.01278317,0.207243
001729,0.507812,0.418146,0.00857875,0.172165
001730,0.541717,0.478829,0.00944693,0.174509
001731,1.051703,0.426699,0.00924142,0.195216
001732,1.021318,0.449060,0.01239344,0.236087
001733,1.053385,0.382012,0.00818333,0.207107
001734,0.725890,0.419838,0.00939154,0.212566
001735,1.094029,0.497024,0.00907721,0.169661
001736,1.110392,0.503865,0.01598930,0.226212
001737,1.029176,0.397891,0.00692783,0.179243
001738,1.036092,0.485540,0.01186189,0.190707
001739,1.035296,0.443019,0.01188460,0.209087
001740,1.037622,0.489104,0.01086867,0.179871
001741,0.291690,0.512199,0.01519895,0.199835
001742,0.250122,0.444991,0.00891241,0.169618
001743,0.816771,0.527646,0.01379097,0.159293
001744,0.887914,0.553286,0.01642490,0.182586
001745,0.878481,0.548270,0.01640289,0.187829
001746,0.999084,0.243856,0.00319211,0.195723
001747,1.017246,0.355913,0.00636687,0.198794
001748,1.062500,0.379384,0.00684405,0.159100
001749,0.486701,0.568926,0.01445110,0.161858
001750,0.846675,0.531047,0.01627670,0.169757
001751,0.748574,0.435208,0.01229289,0.181746
001752,0.922702,0.362754,0.00841917,0.223539
001753,1.031280,0.426869,0.01381977,0.234246
001754,0.996699,0.400594,0.00827181,0.195206
001755,1.088043,0.388636,0.00626191,0.180425
001756,1.118143,0.313505,0.00589297,0.172289
001757,1.092103,0.427065,0.01038105,0.200955
001758,0.872520,0.448590,0.00938011,0.207116
001759,0.574790,0.167327,0.00244183,0.251875
001760,0.592361,0.305019,0.00834050,0.246222
001761,0.780664,0.472095,0.01200563,0.187182
001762,0.673508,0.474374,0.01556999,0.234226
001763,0.672601,0.474843,0.00907765,0.157964
001764,0.862247,0.624091,0.02444807,0.208135
001765,0.923628,0.627689,0.02161212,0.165143
001766,0.899388,0.642024,0.02583827,0.197452
001767,0.972523,0.407408,0.00828417,0.187141
001768,0.980772,0.399644,0.01175267,0.230673
001769,0.584321,0.440319,0.00711209,0.154776
001770,0.736408,0.567706,0.01711326,0.214024
001771,0.892029,0.597821,0.01695433,0.212356
001772,0.231361,0.331949,0.00554501,0.179196
001773,1.072136,0.363651,0.00641649,0.185722
001774,0.607017,0.422314,0.00648185,0.190883
001775,0.996974,0.474133,0.00962167,0.170013
001776,1.029117,0.516358,0.00915015,0.187444
001777,1.109705,0.499649,0.01091985,0.193316
001778,1.077247,0.428855,0.00882368,0.223228
001779,0.599173,0.416047,0.00702442,0.174842
001780,0.646363,0.417690,0.01088758,0.215022
001781,0.674640,0.400344,0.00804834,0.205781
001782,0.668642,0.231112,0.00286178,0.177090
001783,0.489452,0.227224,0.00368376,0.221722
001784,0.897928,0.219765,0.00295515,0.240270
001785,0.972052,0.487442,0.00947590,0.169908
001786,0.171342,0.635086,0.02032772,0.211688
001787,0.694258,0.640314,0.01428413,0.187769
001788,0.278195,0.425076,0.01193965,0.216184
001789,0.295329,0.445344,0.01104320,0.201356
001790,0.265740,0.427777,0.01197778,0.211885
001791,0.585938,0.392472,0.00993609,0.231841
001792,0.735579,0.353228,0.00782320,0.235535
001793,0.703732,0.362243,0.00733058,0.218157
001794,0.898030,0.473150,0.01185393,0.198817
001795,0.899659,0.468138,0.01557640,0.248926
001796,0.972429,0.477502,0.00951255,0.213710
001797,0.336301,0.564539,0.01806290,0.216861
001798,0.223852,0.523768,0.01099045,0.182033
001799,0.344105,0.534067,0.01553494,0.196027
001800,0.492188,0.516282,0.01288950,0.179091
001801,0.574205,0.498109,0.01527239,0.199832
001802,0.628214,0.502461,0.01500824,0.189183
001803,0.161059,0.461893,0.01312547,0.218781
001804,0.178495,0.634441,0.01180967,0.147592
001805,0.132812,0.491146,0.01192850,0.188263
001806,0.640673,0.583115,0.01392068,0.160950
001807,0.651443,0.619748,0.02346000,0.203708
001808,0.632812,0.625726,0.02402107,0.224455
001809,0.758939,0.545507,0.01687205,0.188331
001810,0.832572,0.575709,0.02263945,0.203674
001811,0.831875,0.574349,0.02063386,0.208258
001812,0.989508,0.387583,0.01106967,0.222933
001813,0.992956,0.381188,0.00970407,0.213913
001814,0.884194,0.398314,0.00661737,0.179865
001815,0.946474,0.529555,0.02408001,0.212118
001816,0.866483,0.580773,0.01756875,0.157946
001817,0.978093,0.572683,0.01629411,0.111434
001818,0.465155,0.316311,0.00800619,0.206750
001819,0.482355,0.391142,0.01242003,0.223080
001820,0.545142,0.320248,0.00801565,0.212969
001821,0.912325,0.314445,0.00730500,0.192147
001822,0.907899,0.347202,0.01073921,0.227712
001823,0.862990,0.281432,0.00503109,0.183343
001824,0.779099,0.394338,0.00806766,0.202846
001825,0.777020,0.406121,0.00897164,0.202793
001826,0.779099,0.401720,0.00728266,0.182978
001827,0.652893,0.417121,0.00596612,0.166614
001828,0.800467,0.388164,0.00642244,0.179037
001829,0.798252,0.352026,0.00829134,0.245139
001830,0.762670,0.633797,0.01640546,0.166674
001831,0.765545,0.627708,0.01569868,0.170337
001832,0.800162,0.605183,0.01438339,0.157887
001833,0.826576,0.484669,0.01244996,0.221074
001834,0.999084,0.391745,0.00819630,0.200809
001835,0.976562,0.344947,0.00785575,0.208554
001836,0.284379,0.382363,0.00815874,0.181311
001837,0.304287,0.370451,0.00813384,0.195671
001838,0.281684,0.381314,0.00846154,0.191935
001839,0.740335,0.509587,0.01705885,0.222348
001840,0.762910,0.547260,0.01361459,0.170698
001841,0.834622,0.520278,0.01252889,0.158784
001842,0.939484,0.261900,0.00280100,0.184262
001843,0.999908,0.392957,0.00872807,0.196351
001844,1.005417,0.284915,0.00394200,0.179853
001845,0.679508,0.361504,0.01051141,0.231590
001846,0.885022,0.398043,0.01217435,0.237662
001847,0.945926,0.381713,0.01133041,0.273607
001848,0.234895,0.273286,0.00530210,0.224657
001849,0.125973,0.109717,0.00135562,0.210084
001850,0.254357,0.171375,0.00263591,0.230757
001851,0.064424,0.298249,0.00493172,0.172531
001852,0.074116,0.400891,0.00634178,0.161262
001853,0.050024,0.399859,0.01136249,0.230990
001854,0.195781,0.441274,0.00984939,0.209285
001855,0.172052,0.426507,0.00667873,0.175678
001856,0.183053,0.508655,0.01097151,0.196236
001857,0.094075,0.411722,0.00708108,0.180195
001858,0.066291,0.389336,0.00617560,0.171999
001859,0.100049,0.381342,0.00638539,0.174146
001860,0.408945,0.272422,0.00324088,0.206658
001861,0.391561,0.311250,0.00453695,0.201367
001862,0.305088,0.309314,0.00598582,0.234214
001863,0.375325,0.239311,0.00381036,0.235537
001864,0.221109,0.258763,0.00442534,0.232872
001865,0.272879,0.235690,0.00244125,0.180835
001866,0.157998,0.484484,0.00870587,0.172141
001867,0.100049,0.201597,0.00311876,0.187428
001868,0.095364,0.237852,0.00454275,0.208691
001869,0.088388,0.183904,0.00330580,0.185507
001870,0.101863,0.298288,0.00508931,0.181744
001871,0.105106,0.344531,0.00539959,0.156711
001872,0.269729,0.251456,0.00499073,0.219821
001873,0.367769,0.308660,0.00592126,0.223811
001874,0.306286,0.311934,0.00423573,0.189207
001875,0.046875,0.450354,0.01161593,0.189449
001876,0.032212,0.389749,0.00756000,0.177379
001877,0.078125,0.501877,0.01370584,0.200055
001878,0.117188,0.485380,0.00892485,0.162172
001879,0.079672,0.348860,0.00677107,0.180884
001880,0.078125,0.198048,0.00431950,0.184463
001881,0.283950,0.510073,0.01016566,0.172649
001882,0.472382,0.444747,0.01280156,0.229268
001883,0.395362,0.506387,0.01385555,0.205660
001884,0.117188,0.698308,0.01517178,0.162774
001885,1.040941,0.507989,0.01056650,0.151335
001886,0.978903,0.489022,0.01490012,0.218101
001887,0.179688,0.457669,0.01208600,0.217509
001888,0.227101,0.450603,0.00800853,0.176620
001889,0.140842,0.378167,0.00632965,0.185759
001890,0.165544,0.387614,0.00672647,0.181320
001891,0.121283,0.377563,0.00469993,0.160038
001892,0.087346,0.383865,0.00688368,0.188967
001893,0.308272,0.231927,0.00260840,0.209354
001894,0.176258,0.335530,0.00721612,0.227975
001895,0.215517,0.250375,0.00375005,0.208562
001896,0.389216,0.583460,0.01714761,0.196849
001897,0.217210,0.409967,0.00870903,0.189834
001898,0.298515,0.502259,0.01375869,0.206636
001899,0.488391,0.481329,0.01153093,0.192886
001900,0.276434,0.356752,0.00784940,0.211815
001901,0.325979,0.390276,0.00691185,0.186042
001902,0.740706,0.434411,0.01000679,0.205904
001903,0.812988,0.372839,0.00535393,0.179749
001904,0.044194,0.370684,0.00704411,0.166307
001905,0.101562,0.328302,0.00675658,0.204672
001906,0.144055,0.361365,0.00699224,0.182357
001907,0.182886,0.430724,0.00827867,0.169889
001908,0.072028,0.502776,0.00872429,0.167755
001909,0.111858,0.332966,0.00700971,0.222760
001910,0.086292,0.450992,0.01222294,0.220966
001911,0.235025,0.322237,0.00497041,0.188764
001912,0.296978,0.309591,0.00481352,0.177914
001913,0.172937,0.257931,0.00369815,0.180796
001914,0.444215,0.545470,0.01151344,0.190336
001915,0.216083,0.294312,0.00386437,0.196157
001916,0.220556,0.207255,0.00269733,0.214660
001917,0.434841,0.356106,0.00810180,0.233096
001918,0.341255,0.500441,0.01318420,0.201729
001919,0.290011,0.493350,0.00889208,0.157835
001920,0.432519,0.281895,0.00441300,0.203697
001921,0.254116,0.276895,0.00550594,0.222390
001922,0.305088,0.273076,0.00553143,0.230985
001923,0.427409,0.620395,0.01242246,0.152241
001924,0.101863,0.150697,0.00176051,0.193861
001925,0.156250,0.160347,0.00135410,0.179221
001926,0.074116,0.205718,0.00432437,0.207794
001927,0.069877,0.436531,0.01269083,0.223479
001928,0.064424,0.620635,0.01579713,0.188335
001929,0.325979,0.361287,0.00504943,0.197202
001930,0.253033,0.191709,0.00153105,0.183432
001931,0.287262,0.302547,0.00333089,0.188602
001932,0.536111,0.412038,0.00768918,0.175379
001933,0.370415,0.376099,0.00680983,0.185516
001934,0.348774,0.337306,0.00609127,0.217893
001935,0.320693,0.308224,0.00504179,0.190419
001936,0.116141,0.327277,0.00494770,0.157749
001937,0.145950,0.345962,0.00561202,0.183537
001938,0.161059,0.471225,0.00625925,0.156654
001939,0.200098,0.538762,0.01122888,0.186224
001940,0.178324,0.426003,0.00752214,0.199162
001941,0.127178,0.424232,0.00819809,0.189492
001942,0.211082,0.492385,0.01104884,0.195435
001943,0.110485,0.370756,0.00568224,0.171434
001944,0.253033,0.222432,0.00229422,0.195724
001945,0.218889,0.198926,0.00238930,0.226083
001946,0.198874,0.195309,0.00216644,0.177284
001947,0.081565,0.635608,0.01908557,0.200005
001948,0.981830,0.403661,0.01106273,0.230731
001949,0.095364,0.637129,0.01254683,0.159579
001950,0.437849,0.378711,0.01098508,0.234922
001951,0.344105,0.374680,0.00839025,0.209152
001952,0.356390,0.412797,0.00881198,0.187383
001953,0.143631,0.277771,0.00392017,0.203990
001954,0.936458,0.425707,0.01150723,0.213380
001955,0.108535,0.300445,0.00455844,0.200217
001956,0.165728,0.316641,0.00469686,0.202768
001957,0.215517,0.276356,0.00377801,0.189324
001958,0.226697,0.489892,0.01437044,0.227211
001959,0.225482,0.526420,0.00942069,0.174207
001960,0.182886,0.442212,0.00901159,0.189762
001961,0.172584,0.532565,0.01148357,0.179274
001962,0.172052,0.200828,0.00188447,0.150411
001963,0.175564,0.424933,0.01093728,0.238676
001964,0.089076,0.364022,0.00577864,0.170987
001965,0.157029,0.175377,0.00296396,0.227301
001966,0.201617,0.149728,0.00340643,0.214812
001967,0.271196,0.088078,0.00065200,0.220969
001968,0.257931,0.435247,0.00772883,0.180489
001969,0.223443,0.519320,0.00805386,0.162797
001970,0.260169,0.538727,0.01336045,0.212520
001971,0.078125,0.368562,0.00619168,0.198049
001972,0.663281,0.450911,0.00892433,0.192751
001973,0.914096,0.400580,0.00765924,0.192142
001974,0.329332,0.429544,0.00711958,0.171718
001975,0.039836,0.287594,0.00572859,0.177841
001976,0.148643,0.591872,0.01446785,0.192240
001977,0.164805,0.535081,0.00980537,0.167879
001978,0.077340,0.455659,0.00930550,0.177474
001979,0.449677,0.456197,0.00858816,0.180210
001980,0.220971,0.257287,0.00279609,0.177881
001981,0.188150,0.403609,0.00677360,0.199383
001982,0.213240,0.390318,0.00532771,0.185934
001983,0.084505,0.481028,0.00971780,0.173713
001984,0.247053,0.156375,0.00197801,0.204013
001985,0.056337,0.304491,0.00626319,0.195478
001986,0.108816,0.320854,0.00646793,0.220308
001987,0.136439,0.289922,0.00555669,0.221058
001988,0.123526,0.355571,0.00726490,0.207821
001989,0.192955,0.356378,0.00600206,0.162568
001990,0.142565,0.361587,0.00868956,0.218570
001991,0.179857,0.395696,0.00997731,0.207925
001992,0.241304,0.373708,0.00524489,0.181089
001993,0.195937,0.247483,0.00216232,0.180774
001994,0.451371,0.372340,0.00753600,0.206815
001995,0.284057,0.287015,0.00480696,0.168156
001996,0.187825,0.267162,0.00541290,0.206653
001997,0.257931,0.258290,0.00491587,0.201691
001998,0.158191,0.192394,0.00222466,0.188386
001999,0.202824,0.130585,0.00088956,0.181985
002000,0.127178,0.226994,0.00212467,0.161536
002001,0.128847,0.379452,0.00502142,0.170620
002002,0.229773,0.433075,0.00911586,0.219120
002003,0.150884,0.462373,0.00686568,0.172377
002004,0.087346,0.425911,0.01277835,0.225512
002005,0.062986,0.181751,0.00452671,0.230711
002006,0.031250,0.264757,0.00418084,0.168666
002007,0.370497,0.151341,0.00178088,0.213601
002008,0.213240,0.285453,0.00444588,0.181029
002009,0.164805,0.337170,0.00620622,0.179111
002010,0.677214,0.418080,0.01052490,0.217429
002011,0.353726,0.352079,0.00585187,0.191925
002012,0.325229,0.474687,0.01550192,0.234181
002013,0.149258,0.357492,0.00486694,0.173346
002014,0.628554,0.118847,0.00069117,0.299000
002015,0.871645,0.283028,0.00366412,0.191162
002016,0.384721,0.327017,0.00536795,0.203511
002017,0.510868,0.322271,0.00471262,0.209800
002018,0.370497,0.388222,0.00833404,0.229003
002019,0.101863,0.137678,0.00185631,0.220757
002020,0.054688,0.351192,0.00661052,0.182864
002021,1.009839,0.357811,0.00785479,0.200581
002022,0.497614,0.436849,0.00740660,0.173474
002023,0.885608,0.496525,0.01173245,0.185414
002024,0.928735,0.302295,0.00507698,0.196913
002025,0.225347,0.176290,0.00224209,0.169749
002026,0.227772,0.179071,0.00207495,0.195463
002027,0.166096,0.201189,0.00351448,0.223335
002028,0.326260,0.296231,0.00559819,0.180848
002029,0.197642,0.314431,0.00505402,0.168581
002030,0.240671,0.292264,0.00700694,0.214961
002031,0.632475,0.313890,0.00554044,0.273639
002032,0.960397,0.361498,0.00578954,0.173897
002033,0.595444,0.321234,0.00558480,0.247589
002034,0.191526,0.296253,0.00367466,0.196008
002035,0.199640,0.446302,0.00671561,0.171593
002036,0.369507,0.204834,0.00186905,0.190184
002037,0.483681,0.292890,0.00547947,0.212800
002038,0.426909,0.284166,0.00585268,0.240419
002039,0.309556,0.333819,0.00495989,0.181453
002040,0.150276,0.516145,0.01551023,0.225056
002041,0.161059,0.505471,0.00780961,0.168465
002042,0.122285,0.240061,0.00429454,0.211845
002043,0.145950,0.224131,0.00371526,0.208127
002044,0.136439,0.225081,0.00332899,0.227517
002045,0.111036,0.245025,0.00303548,0.179908
002046,0.086292,0.578666,0.01634461,0.201439
002047,0.203125,0.305324,0.00377503,0.178131
002048,0.055243,0.605457,0.01199047,0.154836
002049,0.138217,0.481577,0.01026616,0.197547
002050,0.079672,0.606647,0.01769801,0.207821
002051,0.178152,0.398427,0.00516343,0.163179
002052,0.148232,0.209046,0.00269542,0.194628
002053,0.118225,0.407357,0.00529040,0.181550
002054,0.176258,0.246620,0.00314900,0.195879
002055,0.242313,0.273155,0.00336819,0.180526
002056,0.179688,0.428079,0.00883801,0.201652
002057,0.046875,0.209633,0.00406513,0.166950
002058,0.149258,0.419427,0.00718576,0.176971
002059,0.086292,0.398437,0.00890885,0.190403
002060,0.084143,0.248938,0.00431637,0.178091
002061,0.087346,0.213855,0.00416742,0.221217
002062,0.085938,0.306252,0.00474902,0.203172
002063,0.111036,0.334832,0.00535974,0.189930
002064,0.304788,0.234953,0.00339006,0.234814
002065,0.153888,0.304963,0.00562238,0.203421
002066,0.214950,0.448834,0.00937435,0.196215
002067,0.070312,0.449713,0.01006758,0.200204
002068,0.110485,0.495982,0.01103179,0.203611
002069,0.055243,0.451484,0.00972833,0.206671
002070,0.350954,0.271926,0.00412552,0.219820
002071,0.125973,0.246555,0.00278584,0.191969
002072,0.044194,0.317540,0.00832955,0.211483
002073,0.125000,0.492025,0.00833326,0.165110
002074,0.079672,0.273821,0.00447058,0.177917
002075,0.070312,0.174944,0.00331939,0.205796
002076,0.390469,0.083723,0.00058174,0.273427
002077,0.351649,0.250356,0.00579984,0.228741
002078,0.236449,0.287333,0.00744683,0.200379
002079,0.086292,0.373670,0.00733989,0.187517
002080,0.227101,0.393490,0.00819936,0.192675
002081,0.824580,0.362595,0.00867349,0.246296
002082,0.175564,0.217655,0.00282392,0.163417
002083,0.127178,0.280502,0.00335579,0.156612
002084,1.004020,0.477278,0.01395404,0.216385
002085,0.308272,0.167387,0.00204016,0.193957
002086,0.287262,0.136774,0.00142539,0.214800
002087,0.336573,0.136892,0.00112358,0.217627
002088,0.086292,0.704741,0.02101920,0.174054
002089,0.049411,0.625123,0.01987573,0.194330
002090,0.466269,0.548316,0.02010782,0.228992
002091,0.239144,0.482847,0.00884305,0.183997
002092,0.113752,0.320397,0.00547387,0.194342
002093,0.127178,0.216865,0.00352476,0.210307
002094,0.079672,0.621364,0.01816506,0.194101
002095,0.218889,0.667686,0.02176644,0.213152
002096,0.072028,0.567586,0.01504918,0.196180
002097,0.429901,0.194837,0.00244685,0.244017
002098,0.238121,0.256823,0.00354221,0.201668
002099,0.262039,0.298918,0.00504168,0.220172
002100,0.317249,0.202909,0.00234813,0.240424
002101,0.169010,0.413243,0.00545800,0.160822
002102,0.181210,0.266279,0.00270326,0.179178
002103,0.230833,0.442911,0.01427457,0.185662
002104,0.136663,0.419644,0.01143512,0.185883
002105,0.312500,0.177769,0.00256040,0.219337
002106,0.200250,0.383590,0.00665848,0.176668
002107,0.996974,0.428175,0.00761628,0.195911
002108,0.213383,0.463677,0.00842008,0.165001
002109,0.272879,0.377280,0.01026778,0.218469
002110,0.188798,0.367788,0.00698454,0.173728
002111,0.200859,0.409499,0.00695297,0.162892
002112,0.039836,0.416977,0.00762296,0.165021
002113,0.190727,0.317017,0.00626684,0.209376
002114,0.133728,0.428692,0.00686178,0.170282
002115,0.760385,0.354209,0.00623975,0.208038
002116,0.775998,0.460435,0.00953326,0.189126
002117,0.953925,0.286172,0.00558326,0.347530
002118,0.258286,0.189465,0.00195677,0.193289
002119,0.233069,0.211704,0.00193881,0.189636
002120,0.157029,0.305817,0.00368099,0.189362
002121,0.151691,0.497210,0.00874252,0.166188
002122,0.115350,0.400326,0.00960376,0.202484
002123,0.206256,0.310969,0.00431797,0.187859
002124,0.281358,0.332850,0.00348088,0.166414
002125,0.093750,0.349512,0.00741049,0.206937
002126,0.146784,0.214340,0.00278801,0.219271
002127,0.383052,0.314453,0.00525215,0.228032
002128,0.489389,0.437601,0.00687391,0.174757
002129,0.296978,0.228936,0.00260066,0.204422
002130,0.133728,0.530064,0.01424784,0.201642
002131,0.145321,0.387956,0.00770664,0.201657
002132,0.140842,0.357023,0.00530894,0.177879
002133,0.154087,0.510916,0.00779294,0.164082
002134,0.243319,0.602192,0.01055956,0.177093
002135,0.185207,0.507791,0.00892407,0.184702
002136,0.967142,0.693535,0.03140173,0.207911
002137,0.960715,0.676472,0.01984284,0.153892
002138,0.961731,0.674941,0.02432043,0.183253
002139,0.710980,0.445126,0.01185668,0.230116
002140,0.868172,0.502700,0.00875856,0.129826
002141,0.882812,0.597617,0.01154214,0.152793
002142,0.364183,0.389028,0.00859433,0.211455
002143,0.351128,0.399238,0.00574903,0.167269
002144,0.354329,0.361641,0.00577113,0.180435
002145,0.360138,0.522934,0.01132290,0.182188
002146,0.765665,0.526376,0.01046638,0.170981
002147,0.797220,0.488537,0.00892014,0.168226
002148,0.940750,0.581488,0.01153712,0.169070
002149,0.992680,0.565262,0.01956392,0.209531
002150,1.000275,0.486139,0.01318419,0.191959
002151,0.905880,0.693189,0.01822379,0.160768
002152,0.880875,0.714952,0.02356817,0.178376
002153,0.925872,0.651645,0.02114341,0.211211
002154,0.982668,0.753170,0.05933991,0.000000
002155,0.980585,0.818893,0.05227624,0.000000
002156,0.979838,0.758461,0.05623435,0.000000
002157,0.173466,0.324768,0.00374405,0.156742
002158,0.199640,0.441035,0.00813405,0.195312
002159,0.196714,0.451377,0.00627359,0.171275
002160,0.118225,0.425294,0.00724704,0.176761
002161,0.118225,0.413680,0.00568658,0.168936
002162,0.117188,0.430897,0.00669657,0.174580
002163,0.606413,0.445563,0.01200850,0.211156
002164,0.649613,0.410818,0.01142954,0.228175
002165,0.593184,0.437753,0.00813325,0.174833
002166,1.006388,0.665841,0.02162503,0.202761
002167,1.006449,0.547330,0.01161214,0.145795
002168,1.009749,0.513877,0.01549799,0.203637
002169,0.375081,0.454229,0.00968074,0.218079
002170,0.368515,0.445591,0.00637734,0.171930
002171,0.397748,0.431481,0.00889351,0.214348
002172,0.078125,0.354459,0.00597544,0.197557
002173,0.078125,0.390436,0.00638415,0.187246
002174,0.079672,0.407118,0.00888659,0.215343
002175,0.339552,0.518005,0.01073479,0.158696
002176,0.352516,0.526733,0.01291872,0.177360
002177,0.337297,0.524676,0.01426171,0.191173
002178,1.010323,0.601329,0.01872413,0.201186
002179,1.002104,0.526243,0.01054034,0.152382
002180,1.017966,0.527929,0.01303831,0.198742
002181,0.633005,0.391290,0.00730410,0.211441
002182,0.566177,0.375214,0.00523230,0.183862
002183,0.593442,0.375790,0.00617959,0.200654
002184,0.283089,0.562540,0.01690364,0.222351
002185,0.276214,0.586432,0.01355410,0.184999
002186,0.284379,0.597858,0.00982383,0.160828
002187,0.930442,0.189283,0.00154955,0.165106
002188,0.930311,0.464817,0.01064977,0.180525
002189,0.907663,0.330500,0.00485746,0.197711
002190,0.081565,0.706591,0.01654612,0.177930
002191,0.062986,0.585954,0.01527317,0.212014
002192,0.062986,0.569921,0.01308929,0.197328
002193,0.960810,0.364852,0.00919006,0.227123
002194,0.953541,0.371614,0.01218586,0.264347
002195,0.954341,0.368681,0.01139016,0.249148
002196,0.843243,0.542064,0.01120963,0.175221
002197,0.929720,0.478557,0.01314694,0.226815
002198,0.890762,0.473295,0.01151520,0.205714
002199,0.200250,0.651428,0.01354314,0.154574
002200,0.194058,0.635684,0.01259440,0.150546
002201,0.195781,0.647842,0.01407925,0.159929
002202,0.257931,0.454665,0.01022693,0.213545
002203,0.276214,0.400765,0.00592471,0.175266
002204,0.278853,0.418665,0.00859778,0.212424
002205,0.979059,0.671775,0.01965429,0.148789
002206,0.889665,0.686293,0.02708939,0.199055
002207,0.919090,0.610228,0.01957473,0.181151
002208,0.979340,0.572973,0.01397376,0.185678
002209,0.777177,0.646157,0.01864318,0.198511
002210,0.953157,0.544309,0.01450342,0.193610
002211,1.079624,0.397183,0.00778299,0.196349
002212,1.051703,0.382874,0.00861077,0.222005
002213,1.049001,0.402634,0.01193541,0.256968
002214,0.612871,0.641664,0.01876097,0.171250
002215,0.669554,0.654722,0.01681829,0.151556
002216,0.651208,0.644324,0.02346805,0.202256
002217,1.016706,0.301811,0.00470473,0.213118
002218,0.961192,0.279284,0.00323476,0.196608
002219,0.994400,0.311894,0.00490425,0.240432
002220,0.677214,0.501510,0.00927507,0.193881
002221,0.659266,0.501149,0.01008925,0.197320
002222,0.678384,0.494320,0.01074700,0.227125
002223,0.692850,0.290036,0.00448915,0.207044
002224,0.375081,0.248645,0.00241802,0.160769
002225,0.723363,0.202655,0.00199212,0.187142
002226,0.970575,0.389564,0.00823453,0.197738
002227,0.964614,0.404647,0.00819582,0.196317
002228,0.966353,0.395693,0.01163921,0.243188
002229,0.524078,0.485966,0.00965917,0.180751
002230,0.656994,0.401121,0.00603455,0.175648
002231,0.377029,0.477727,0.01106494,0.200184
002232,0.118225,0.669793,0.02348888,0.209990
002233,0.094399,0.779146,0.02159404,0.171416
002234,0.109375,0.692464,0.01362316,0.173416
002235,1.012917,0.468546,0.01531493,0.219933
002236,1.014573,0.473530,0.01238456,0.194979
002237,1.019494,0.450447,0.00985066,0.164649
002238,0.967363,0.492870,0.01221842,0.194381
002239,1.003169,0.573530,0.01815706,0.215080
002240,1.011319,0.535789,0.01453750,0.196606
002241,0.500976,0.361678,0.00554521,0.202340
002242,0.442494,0.428947,0.00699148,0.189142
002243,0.470050,0.382090,0.00674489,0.208413
002244,0.667546,0.630065,0.01212290,0.145833
002245,0.674323,0.634589,0.02247738,0.223974
002246,0.656994,0.619191,0.01437159,0.187231
002247,0.377918,0.792125,0.01926223,0.153942
002248,0.403310,0.771787,0.03041657,0.210045
002249,0.399966,0.775036,0.02559449,0.192515
002250,0.597541,0.584410,0.01445668,0.163870
002251,0.602374,0.571166,0.01860980,0.208098
002252,0.621524,0.573976,0.01412174,0.177801
002253,0.516157,0.392181,0.00686485,0.205026
002254,0.510151,0.366829,0.00778613,0.239819
002255,0.553366,0.425551,0.00670593,0.193469
002256,1.018895,0.291336,0.00429595,0.200744
002257,0.570366,0.355077,0.00581716,0.185408
002258,0.904430,0.437608,0.01130240,0.210440
002259,0.405348,0.723815,0.01751476,0.138811
002260,0.406250,0.699917,0.01990773,0.160580
002261,0.394821,0.721328,0.02490838,0.179812
002262,1.062500,0.280127,0.00868502,0.235815
002263,1.055237,0.214681,0.00718199,0.322567
002264,1.063476,0.257810,0.00835172,0.268041
002265,0.261923,0.406104,0.00759117,0.182573
002266,0.294086,0.468158,0.00833775,0.176034
002267,0.305588,0.361297,0.00552482,0.179876
002268,0.289168,0.293828,0.00589034,0.204277
002269,0.507812,0.330653,0.00572601,0.196638
002270,0.692542,0.323487,0.00539996,0.192160
002271,0.462722,0.787604,0.01819838,0.143644
002272,0.376300,0.754550,0.01839119,0.155412
002273,0.376300,0.750236,0.01846426,0.161200
002274,0.226562,0.656848,0.01260870,0.162768
002275,0.242691,0.623931,0.01397548,0.173807
002276,0.275217,0.648119,0.02248016,0.233383
002277,0.444421,0.668990,0.01716164,0.160926
002278,0.509971,0.615974,0.01587368,0.173833
002279,0.499267,0.602983,0.01690108,0.193662
002280,0.176777,0.363440,0.00640077,0.201997
002281,0.172584,0.399096,0.00566668,0.165592
002282,0.181210,0.509029,0.00796109,0.158122
002283,1.070769,0.463917,0.00913199,0.271200
002284,1.023646,0.416465,0.01244344,0.311483
002285,1.020212,0.404146,0.01180514,0.319100
002286,0.305088,0.416800,0.00767145,0.186046
002287,0.294812,0.356003,0.00629625,0.186469
002288,0.304688,0.404482,0.00827085,0.221016
002289,1.080415,0.558082,0.01778761,0.193455
002290,1.049466,0.531151,0.01750155,0.196778
002291,1.031280,0.513690,0.00962983,0.174532
002292,0.828935,0.516374,0.01230595,0.197764
002293,0.902234,0.520772,0.01041153,0.162304
002294,0.885298,0.478773,0.01013520,0.174962
002295,0.385988,0.607709,0.01726678,0.192602
002296,0.335574,0.614937,0.01264897,0.166519
002297,0.349822,0.603854,0.01637426,0.189578
002298,0.651817,0.584284,0.01721403,0.211113
002299,0.619113,0.547982,0.00986807,0.170516
002300,0.619606,0.544214,0.01019581,0.168041
002301,0.419990,0.641145,0.01325879,0.162796
002302,0.537248,0.606779,0.01175747,0.178225
002303,0.420716,0.639293,0.01400900,0.170091
002304,1.004020,0.394811,0.00840685,0.210222
002305,1.027247,0.399693,0.00751887,0.212949
002306,1.037299,0.481828,0.01101048,0.190994
002307,0.745429,0.440060,0.00865662,0.188478
002308,0.661668,0.404387,0.00693728,0.170909
002309,0.671739,0.414936,0.00778386,0.177990
002310,0.938053,0.476987,0.01344481,0.238616
002311,0.925344,0.529332,0.01089858,0.190893
002312,0.899659,0.539134,0.01222603,0.197598
002313,0.101562,0.472539,0.01291346,0.209361
002314,0.118996,0.512788,0.00999256,0.167975
002315,0.122035,0.527559,0.01083957,0.176097
002316,0.213240,0.551290,0.00898258,0.158902
002317,0.216083,0.546473,0.00911320,0.162791
002318,0.221247,0.539607,0.01038960,0.169044
002319,0.886263,0.759084,0.02299884,0.175330
002320,0.900066,0.744212,0.02206270,0.185483
002321,0.822059,0.762028,0.02368917,0.161266
002322,0.328497,0.407420,0.00637335,0.171590
002323,0.321169,0.339212,0.00567663,0.196493
002324,0.326447,0.378792,0.00573030,0.169901
002325,0.275217,0.540109,0.01211471,0.212469
002326,0.260169,0.489990,0.00948250,0.207124
002327,0.252430,0.552824,0.01034730,0.176986
002328,0.964361,0.406306,0.00797952,0.209788
002329,0.951234,0.301718,0.00481796,0.206382
002330,0.938346,0.406272,0.00938142,0.218172
002331,1.014452,0.478859,0.01131447,0.202836
002332,0.992403,0.473440,0.01000143,0.182325
002333,1.008085,0.281049,0.00396520,0.198239
002334,0.423680,0.337285,0.00473294,0.173213
002335,0.510689,0.313730,0.00422535,0.184416
002336,0.305588,0.369420,0.00705508,0.191393
002337,0.682197,0.502326,0.00887120,0.174606
002338,0.858558,0.597737,0.01353000,0.176753
002339,0.862919,0.533059,0.01163927,0.181058
002340,0.203725,0.489975,0.00830540,0.189241
002341,0.123526,0.506008,0.00819028,0.177614
002342,0.716241,0.430712,0.00804380,0.175411
002343,0.981270,0.516927,0.01037510,0.167822
002344,0.979340,0.533882,0.01199856,0.148959
002345,0.985057,0.529906,0.01224176,0.179744
002346,0.928669,0.450818,0.01272798,0.230451
002347,0.987470,0.421512,0.00893798,0.187426
002348,0.951972,0.453026,0.00816871,0.170731
002349,1.042230,0.534412,0.01495821,0.176981
002350,0.993693,0.638541,0.02322068,0.224291
002351,1.025225,0.611331,0.01570580,0.187596
002352,0.050024,0.626304,0.01762976,0.189137
002353,0.054688,0.548047,0.01112794,0.171100
002354,0.055243,0.634456,0.01375873,0.168699
002355,0.108816,0.409325,0.00595664,0.168095
002356,0.118996,0.384433,0.00591049,0.182530
002357,0.116141,0.370434,0.00511414,0.177210
002358,0.367520,0.521761,0.01183507,0.202190
002359,0.358525,0.548221,0.01396119,0.207715
002360,0.377110,0.491638,0.00755778,0.175854
002361,0.970764,0.401221,0.01016313,0.218100
002362,0.961287,0.419679,0.01008386,0.206066
002363,0.993939,0.500940,0.01455595,0.233985
002364,0.575002,0.392524,0.00619722,0.202135
002365,0.494415,0.427528,0.00966867,0.220188
002366,0.530560,0.392667,0.00639711,0.202120
002367,0.314059,0.434576,0.00708043,0.193142
002368,0.311032,0.400410,0.00784494,0.216453
002369,0.318784,0.430127,0.00963792,0.216325
002370,0.981798,0.585724,0.01474329,0.171892
002371,0.875871,0.579792,0.01830719,0.222954
002372,0.991326,0.469620,0.01392054,0.234538
002373,1.085516,0.562797,0.01563761,0.115357
002374,1.022811,0.582175,0.01859709,0.186364
002375,1.065168,0.587236,0.01382990,0.141937
002376,0.964709,0.475874,0.00852097,0.181307
002377,0.954597,0.558171,0.01295029,0.198457
002378,0.994676,0.472008,0.01069862,0.204246
002379,0.183053,0.446282,0.01053524,0.218289
002380,0.205069,0.423168,0.00718156,0.185840
002381,0.164805,0.364937,0.00451612,0.160229
002382,0.814788,0.565377,0.02006181,0.181347
002383,0.835061,0.583016,0.01695333,0.149457
002384,0.806619,0.578379,0.01586255,0.152066
002385,0.515211,0.644485,0.01660280,0.163226
002386,0.507332,0.612151,0.01983445,0.200580
002387,0.504375,0.638356,0.01528855,0.169839
002388,1.010323,0.373505,0.00774600,0.266262
002389,1.045387,0.608056,0.01584546,0.196794
002390,1.049670,0.652713,0.01689341,0.196715
002391,0.698116,0.424401,0.01104598,0.210209
002392,0.673961,0.450595,0.00800592,0.175366
002393,0.331640,0.398251,0.00689204,0.172147
002394,0.400881,0.635900,0.01858529,0.172886
002395,0.504980,0.708057,0.01810617,0.127060
002396,0.476627,0.698113,0.01955119,0.149300
002397,0.151691,0.822133,0.01849332,0.164301
002398,0.091109,0.611236,0.01185126,0.161884
002399,0.143631,0.670385,0.01538158,0.174613
002400,0.628360,0.403597,0.00731865,0.190552
002401,0.614412,0.491898,0.00983337,0.180566
002402,0.581756,0.480841,0.00917379,0.173740
002403,0.056337,0.572927,0.01991827,0.224187
002404,0.073703,0.565997,0.01518117,0.232151
002405,0.050024,0.434807,0.01048805,0.197372
002406,0.140842,0.521879,0.00911232,0.183523
002407,0.140842,0.587377,0.00993681,0.169747
002408,0.133042,0.456427,0.00929254,0.193134
002409,0.820312,0.743928,0.02258610,0.183654
002410,0.679328,0.698414,0.02293065,0.197951
002411,0.770314,0.650690,0.01936028,0.192568
002412,0.873674,0.550158,0.01462263,0.197541
002413,0.904700,0.554866,0.01192922,0.164670
002414,0.940101,0.506285,0.01117223,0.179576
002415,1.021647,0.446410,0.01152266,0.200448
002416,1.014362,0.486891,0.01013809,0.169953
002417,1.020690,0.509400,0.01195409,0.179970
002418,0.447432,0.418355,0.00531373,0.163646
002419,0.449677,0.414994,0.00779620,0.194150
002420,0.482355,0.469597,0.00726351,0.182764
002421,0.354329,0.637646,0.01383158,0.149452
002422,0.330442,0.638048,0.01895291,0.180012
002423,0.331456,0.638731,0.01458745,0.150193
002424,0.245317,0.529693,0.01442240,0.204775
002425,0.763589,0.473697,0.00918275,0.176028
002426,0.852852,0.527369,0.01223597,0.175998
002427,0.855032,0.744078,0.01998225,0.175163
002428,0.777059,0.653449,0.01472216,0.165528
002429,0.515862,0.642989,0.01791519,0.183081
002430,0.917096,0.364509,0.00948416,0.242465
002431,0.909074,0.434201,0.01038461,0.200967
002432,0.947473,0.377748,0.00950497,0.240123
002433,0.653127,0.440632,0.00810004,0.178884
002434,0.390703,0.463346,0.00865938,0.171004
002435,0.615752,0.406181,0.01044666,0.233041
002436,0.898302,0.269562,0.00540715,0.266354
002437,0.849876,0.513687,0.01865086,0.235930
002438,0.839253,0.583762,0.01596412,0.191217
002439,1.020302,0.391924,0.00685392,0.188019
002440,0.949982,0.483599,0.00851654,0.159352
002441,1.005660,0.483066,0.01327503,0.212870
002442,0.924817,0.557669,0.01260880,0.185436
002443,0.975843,0.595900,0.01406230,0.185419
002444,0.993693,0.478689,0.01127207,0.199034
002445,1.033260,0.535317,0.01437205,0.190458
002446,1.017246,0.507566,0.01268538,0.179539
002447,1.031280,0.532482,0.01772699,0.211538
002448,0.986295,0.384495,0.00492385,0.171783
002449,0.981581,0.452990,0.00606307,0.166353
002450,0.994154,0.548076,0.00923337,0.163312
002451,0.803321,0.424224,0.00866671,0.200215
002452,0.722181,0.574520,0.01509915,0.181657
002453,0.793228,0.375449,0.00662909,0.200231
002454,0.327194,0.680317,0.01685661,0.168019
002455,0.468815,0.627207,0.02072453,0.229384
002456,0.395285,0.650364,0.01347357,0.161669
002457,0.324947,0.267187,0.00466157,0.211244
002458,0.347019,0.298492,0.00615784,0.226631
002459,0.306385,0.299660,0.00642201,0.221235
002460,0.539968,0.349010,0.00847650,0.224338
002461,0.884884,0.395192,0.00633479,0.185462
002462,0.911086,0.471136,0.01308960,0.207854
002463,1.042610,0.584364,0.01363660,0.179183
002464,0.993141,0.371293,0.00547711,0.181595
002465,1.037916,0.665012,0.01569574,0.176975
002466,0.121283,0.852890,0.01949202,0.176323
002467,0.096635,0.778887,0.02025082,0.175403
002468,0.117448,0.797722,0.02440157,0.195721
002469,0.348774,0.497049,0.01390794,0.194793
002470,0.363428,0.496945,0.00994251,0.155284
002471,0.359460,0.499189,0.01217819,0.172674
002472,0.501097,0.536156,0.01004343,0.172662
002473,0.628214,0.449642,0.00839400,0.170517
002474,0.731293,0.449827,0.00969685,0.184530
002475,0.905307,0.623688,0.01283158,0.157826
002476,0.839762,0.601011,0.01735729,0.188503
002477,0.944925,0.587412,0.01131267,0.146130
002478,0.692850,0.353568,0.00559205,0.223095
002479,0.671784,0.374571,0.00500667,0.189245
002480,0.674776,0.411450,0.00822524,0.210424
002481,0.918692,0.654377,0.02641503,0.216476
002482,0.919621,0.723935,0.02251449,0.166512
002483,0.906048,0.653633,0.01955253,0.185399
002484,0.089076,0.714384,0.01735680,0.184339
002485,0.099437,0.679282,0.02088447,0.214806
002486,0.087346,0.697621,0.01376100,0.160297
002487,0.956481,0.515791,0.01564438,0.214826
002488,0.875871,0.598808,0.01325882,0.177920
002489,0.998931,0.595276,0.01643421,0.189551
002490,0.903147,0.522084,0.01131511,0.223558
002491,0.912224,0.528014,0.01006962,0.183963
002492,0.890762,0.524835,0.01060664,0.203725
002493,0.165728,0.529777,0.01125359,0.179341
002494,0.190086,0.576704,0.01948910,0.229012
002495,0.175564,0.507815,0.00876716,0.165283
002496,0.969065,0.341099,0.00432188,0.160109
002497,1.000641,0.382236,0.00553533,0.172937
002498,1.000031,0.497122,0.01201870,0.187535
002499,0.849266,0.678780,0.01812789,0.140026
002500,0.824024,0.691728,0.01960064,0.148243
002501,0.826576,0.686312,0.01753498,0.144316
002502,0.734375,0.396719,0.00657091,0.190445
002503,0.995902,0.460633,0.01006288,0.201681
002504,0.975061,0.435607,0.00733892,0.157677
002505,0.935219,0.232777,0.00340224,0.304679
002506,0.947988,0.256389,0.00388117,0.297668
002507,0.966132,0.225379,0.00304688,0.303002
002508,0.069877,0.580243,0.01578806,0.218306
002509,0.062986,0.588503,0.01185076,0.169007
002510,0.067206,0.593889,0.01574306,0.205885
002511,0.996576,0.416539,0.00626936,0.169502
002512,1.002499,0.469520,0.00812913,0.171509
002513,1.008085,0.451586,0.00849403,0.211707
002514,0.460142,0.774700,0.02645934,0.183497
002515,0.463776,0.794842,0.02614732,0.191307
002516,0.465942,0.792788,0.02485650,0.193542
002517,0.742475,0.661141,0.01338770,0.152840
002518,0.740335,0.657515,0.01546489,0.177715
002519,0.806619,0.627792,0.01725572,0.186526
002520,0.737237,0.773602,0.01965475,0.150373
002521,1.038122,0.655794,0.01920792,0.161351
002522,0.643192,0.753344,0.03233093,0.196740
002523,0.076944,0.657610,0.01433272,0.187484
002524,0.045554,0.528637,0.01083292,0.171943
002525,0.056876,0.569611,0.01143243,0.187810
002526,1.028910,0.168794,0.00449698,0.298822
002527,1.052631,0.219529,0.00633601,0.274017
002528,1.071936,0.198162,0.00673542,0.301117
002529,1.034235,0.445559,0.01027402,0.209488
002530,1.033762,0.447040,0.00930701,0.186722
002531,1.014452,0.463830,0.01064939,0.199211
002532,1.047924,0.493888,0.01361929,0.198204
002533,1.001220,0.487066,0.00963318,0.142922
002534,1.008902,0.429348,0.00846039,0.195792
002535,0.299434,0.726066,0.02628464,0.219196
002536,0.615405,0.693245,0.01984734,0.186801
002537,0.136439,0.620162,0.01359669,0.166601
002538,0.881809,0.274251,0.00594980,0.245145
002539,0.870314,0.318692,0.00699105,0.243612
002540,0.912191,0.355366,0.00798285,0.243453
002541,0.900880,0.711812,0.02595445,0.190620
002542,0.967142,0.767190,0.02761335,0.148547
002543,0.476242,0.807079,0.02394635,0.138234
002544,0.449881,0.450066,0.01064186,0.207587
002545,0.469336,0.408028,0.00629349,0.175470
002546,0.464565,0.458129,0.01215884,0.224470
002547,0.959380,0.582814,0.01166156,0.166398
002548,0.962080,0.403901,0.00968638,0.213433
002549,0.959380,0.461079,0.01010227,0.184211
002550,0.167741,0.339369,0.00919810,0.237086
002551,0.164805,0.494798,0.00922871,0.161713
002552,0.187663,0.435284,0.01027695,0.208299
002553,0.739386,0.562943,0.01007375,0.165800
002554,0.951234,0.514672,0.01432360,0.193683
002555,0.281358,0.484022,0.01169010,0.190781
002556,0.659636,0.645840,0.01309096,0.161841
002557,0.239144,0.591879,0.01775614,0.203666
002558,0.289484,0.613105,0.01572356,0.186080
002559,0.933651,0.410347,0.00873905,0.222440
002560,1.005509,0.508688,0.01435987,0.205952
002561,0.921908,0.547508,0.01182149,0.180486
002562,0.267457,0.370609,0.00407074,0.174459
002563,0.296464,0.389780,0.00730619,0.210242
002564,0.320693,0.385643,0.00736170,0.227270
002565,0.923661,0.471968,0.01010813,0.193891
002566,0.906048,0.432583,0.00668699,0.159726
002567,0.874581,0.473686,0.00929999,0.199233
002568,0.255075,0.544040,0.01029999,0.168593
002569,0.478671,0.529763,0.00864313,0.183693
002570,0.164805,0.454724,0.00815728,0.201825
002571,1.091432,0.277713,0.00684592,0.270417
002572,1.072136,0.327481,0.00792254,0.258494
002573,1.072221,0.271291,0.00598896,0.253623
002574,0.931786,0.499592,0.01243143,0.197054
002575,0.978779,0.388627,0.00574986,0.155769
002576,0.930508,0.569156,0.01475515,0.201818
002577,0.293671,0.577221,0.01516450,0.182320
002578,0.289168,0.595290,0.01510445,0.177587
002579,0.301567,0.602143,0.01535895,0.175096
002580,1.091180,0.552697,0.01432523,0.150381
002581,1.034471,0.539051,0.01162475,0.145591
002582,1.044219,0.538508,0.01031996,0.165357
002583,0.906385,0.583520,0.01229347,0.165695
002584,0.904227,0.491004,0.01104519,0.177526
002585,0.914430,0.589788,0.01274902,0.155768
002586,0.410138,0.668260,0.01343734,0.153041
002587,0.360138,0.661962,0.01284258,0.155078
002588,0.326260,0.682178,0.01831866,0.176750
002589,0.206256,0.369656,0.00472320,0.169009
002590,0.203275,0.334168,0.00389184,0.170412
002591,0.193428,0.314680,0.00446899,0.189640
002592,0.262505,0.695899,0.01850610,0.175568
002593,0.269390,0.706159,0.02010015,0.175120
002594,0.259700,0.710042,0.01658453,0.151978
002595,0.649942,0.451137,0.00854334,0.176418
002596,0.563909,0.466997,0.00831771,0.176037
002597,0.442287,0.503721,0.01469923,0.225396
002598,0.961795,0.341259,0.00852611,0.283418
002599,0.779764,0.420959,0.00820703,0.172398
002600,0.789411,0.387307,0.00680486,0.188840
002601,0.565206,0.461484,0.01291201,0.204587
002602,0.674323,0.498950,0.01572297,0.219846
002603,0.734541,0.403772,0.00689051,0.168826
002604,0.460142,0.325300,0.00629185,0.203314
002605,0.706805,0.219185,0.00224355,0.186128
002606,0.367271,0.292817,0.00437741,0.178086
002607,1.053327,0.506024,0.01115645,0.192998
002608,0.858558,0.664623,0.01360616,0.178495
002609,0.877299,0.471202,0.01213888,0.231897
002610,0.411178,0.345977,0.00625184,0.229836
002611,0.420498,0.341191,0.00429363,0.189932
002612,0.519399,0.343525,0.00484554,0.201696
002613,0.617978,0.467844,0.01035061,0.173100
002614,0.631992,0.456732,0.01002152,0.181647
002615,0.618817,0.476078,0.01520518,0.225613
002616,0.974905,0.493461,0.00855590,0.176755
002617,0.884505,0.498274,0.01315830,0.214028
002618,0.942338,0.602394,0.01521843,0.196084
002619,0.422814,0.467428,0.00960139,0.175575
002620,0.404217,0.480294,0.00913915,0.167971
002621,0.395362,0.482855,0.01159356,0.192790
002622,1.003230,0.539762,0.01444527,0.181493
002623,1.014121,0.412765,0.00854372,0.171857
002624,1.021886,0.495104,0.01420225,0.207847
002625,0.188959,0.631097,0.01978454,0.209979
002626,0.291690,0.611263,0.01683380,0.195105
002627,0.676402,0.576351,0.01481022,0.183456
002628,0.227772,0.408471,0.00653214,0.187907
002629,0.220971,0.486875,0.00755632,0.167505
002630,0.220002,0.450448,0.00991423,0.219987
002631,0.767894,0.565155,0.00924879,0.168660
002632,0.760385,0.448778,0.00906795,0.203626
002633,0.733918,0.484708,0.01000043,0.204619
002634,0.118996,0.620550,0.01304391,0.170983
002635,0.129320,0.737281,0.02355413,0.193522
002636,0.186357,0.724915,0.01661021,0.174813
002637,0.798252,0.447608,0.01206003,0.201581
002638,0.798252,0.394617,0.01113265,0.222846
002639,0.822690,0.444190,0.01188441,0.215858
002640,0.476562,0.260859,0.00232850,0.163356
002641,0.746779,0.245327,0.00260775,0.197288
002642,0.683315,0.286021,0.00327146,0.176996
002643,0.056337,0.596557,0.01078689,0.165892
002644,0.047522,0.557884,0.01557790,0.197232
002645,0.101863,0.689394,0.01578567,0.190810
002646,0.078125,0.496822,0.01068379,0.185796
002647,1.014452,0.495072,0.01017861,0.163818
002648,0.203125,0.384585,0.00883431,0.240606
002649,1.040266,0.483691,0.01836205,0.204558
002650,1.033172,0.471036,0.01456641,0.177398
002651,1.030688,0.519556,0.01559923,0.147883
002652,0.892747,0.451134,0.00939157,0.174426
002653,0.656994,0.416001,0.00684609,0.186014
002654,0.813889,0.425851,0.00787639,0.187979
002655,0.938313,0.535670,0.01065964,0.172339
002656,1.003230,0.493752,0.01117772,0.185659
002657,0.992311,0.592459,0.01197314,0.153121
002658,0.419990,0.672288,0.02719746,0.208014
002659,0.446408,0.664245,0.01778010,0.153803
002660,0.444146,0.609461,0.02367784,0.207344
002661,0.411697,0.838747,0.03667795,0.201236
002662,0.370415,0.823784,0.03296069,0.217482
002663,0.401793,0.849582,0.02784552,0.177142
002664,0.882259,0.553301,0.01288556,0.186301
002665,0.668642,0.569368,0.01099292,0.164456
002666,0.509792,0.536779,0.01266255,0.194460
002667,1.064910,0.632477,0.01749440,0.190509
002668,1.046583,0.654340,0.01762995,0.203668
002669,1.062414,0.605137,0.01367729,0.177825
002670,0.787243,0.464677,0.00747909,0.177768
002671,0.751382,0.438674,0.00636287,0.188683
002672,0.768807,0.415428,0.00618797,0.205981
002673,0.940944,0.403673,0.00811851,0.207888
002674,0.239654,0.315958,0.00500525,0.202606
002675,0.113752,0.378009,0.00635643,0.181821
002676,0.893772,0.485806,0.01089980,0.165048
002677,0.888841,0.480115,0.01273511,0.191031
002678,0.884505,0.501484,0.01569167,0.193517
002679,0.758819,0.360424,0.00881747,0.224041
002680,0.655180,0.382086,0.00880873,0.218702
002681,0.714021,0.397298,0.01073104,0.228649
002682,0.254357,0.686185,0.02532586,0.213421
002683,0.378241,0.686813,0.01814252,0.181792
002684,0.377110,0.720771,0.01684789,0.160635
002685,0.725890,0.691740,0.01915376,0.142156
002686,0.685099,0.721103,0.02458762,0.178953
002687,0.665210,0.702171,0.01956724,0.157658
002688,0.113752,0.614116,0.01069059,0.156017
002689,0.113752,0.639173,0.01842445,0.205401
002690,0.110485,0.565209,0.01252417,0.190529
002691,1.034677,0.580014,0.01715705,0.201306
002692,1.041175,0.550681,0.01680019,0.222627
002693,1.023795,0.559884,0.01253159,0.186003
002694,0.300553,0.669018,0.02394694,0.198153
002695,0.311032,0.663609,0.01627918,0.157611
002696,0.309556,0.671166,0.01592082,0.150177
002697,0.969883,0.442563,0.01118748,0.199216
002698,0.971518,0.443875,0.01447774,0.223593
002699,0.972052,0.454822,0.01157852,0.190415
002700,0.922438,0.534369,0.01468178,0.227111
002701,0.908974,0.542751,0.00993934,0.180272
002702,0.924553,0.518378,0.01275971,0.208473
002703,0.968498,0.533824,0.01336447,0.194208
002704,1.076794,0.477720,0.01497790,0.245919
002705,0.890248,0.629051,0.01741247,0.155998
002706,0.039836,0.351873,0.00748409,0.187717
002707,0.179688,0.420547,0.00659711,0.179800
002708,0.031250,0.512056,0.01107491,0.175874
002709,0.284379,0.614106,0.01171718,0.147714
002710,0.183053,0.683742,0.01920619,0.185664
002711,0.217631,0.664350,0.01652508,0.181065
002712,0.127178,0.320161,0.00463868,0.182521
002713,0.104816,0.377022,0.00764756,0.200380
002714,0.154087,0.334463,0.00670697,0.217717
002715,0.605204,0.366792,0.00957167,0.221450
002716,0.585938,0.395210,0.01050862,0.219216
002717,0.604599,0.337113,0.00730424,0.210779
002718,0.622112,0.387823,0.00986859,0.209850
002719,0.759261,0.357125,0.00997006,0.223482
002720,0.692101,0.404004,0.01500255,0.241836
002721,0.958139,0.562166,0.01590126,0.193352
002722,0.959189,0.540609,0.01532072,0.203104
002723,0.888635,0.506265,0.00876061,0.161161
002724,0.487765,0.341068,0.00920738,0.229480
002725,0.548713,0.310703,0.00788301,0.231998
002726,0.555567,0.328651,0.00626727,0.197151
002727,0.548268,0.579727,0.02186500,0.211902
002728,0.541322,0.568928,0.01254178,0.147469
002729,0.565206,0.584136,0.01538195,0.170029
002730,0.091109,0.463401,0.01173071,0.189046
002731,0.128847,0.594815,0.01245297,0.167257
002732,0.157029,0.606138,0.01187910,0.165028
002733,0.206256,0.380821,0.00814404,0.189805
002734,0.220556,0.307782,0.00509719,0.179013
002735,0.205069,0.327702,0.00598172,0.188752
002736,0.447705,0.590966,0.02315035,0.209466
002737,0.358525,0.544405,0.02167083,0.218059
002738,0.369259,0.563259,0.01417027,0.162641
002739,0.087346,0.446149,0.01492919,0.219845
002740,0.959444,0.582701,0.01339992,0.171191
002741,0.067206,0.328686,0.00963230,0.206133
002742,0.550934,0.650499,0.01611496,0.188417
002743,0.780937,0.529885,0.00926946,0.181097
002744,0.773398,0.581766,0.01060732,0.143115
002745,0.151691,0.540935,0.01422365,0.187950
002746,0.133042,0.559672,0.01403044,0.184907
002747,0.149258,0.488579,0.00963860,0.168449
002748,0.498288,0.400996,0.00638152,0.168461
002749,1.098316,0.534443,0.01275354,0.154622
002750,1.094447,0.510122,0.01888069,0.208813
002751,0.996729,0.573207,0.01201702,0.160463
002752,1.105655,0.596288,0.01340180,0.152156
002753,0.695707,0.489248,0.01125656,0.196098
002754,0.561305,0.504261,0.01220648,0.180085
002755,0.349386,0.532727,0.01142785,0.161495
002756,0.367271,0.483417,0.01039337,0.161454
002757,0.346931,0.401346,0.01029485,0.203332
002758,0.203725,0.329764,0.00703122,0.194778
002759,0.238121,0.432164,0.01017865,0.191739
002760,0.362419,0.251366,0.00564536,0.201139
002761,0.375813,0.226100,0.00485788,0.205553
002762,0.300553,0.276821,0.00508803,0.183907
002763,0.270858,0.369482,0.01022964,0.218053
002764,0.316575,0.271904,0.00598010,0.203109
002765,0.282333,0.430725,0.00851957,0.174444
002766,0.317249,0.226434,0.00472548,0.198255
002767,0.235544,0.311313,0.00765123,0.195532
002768,0.306983,0.160275,0.00365576,0.212279
002769,0.398361,0.483396,0.01099595,0.181325
002770,0.414725,0.477132,0.01257981,0.184077
002771,0.360138,0.481877,0.00856114,0.162810
002772,0.258286,0.483059,0.00938790,0.170698
002773,0.268823,0.482802,0.01039798,0.174993
002774,0.329610,0.452890,0.01195782,0.203219
002775,0.513609,0.251949,0.00500158,0.203114
002776,0.220971,0.230671,0.00351441,0.182785
002777,0.140842,0.185964,0.00299361,0.172857
002778,0.148643,0.455420,0.00929559,0.178239
002779,0.231888,0.539566,0.01334453,0.199134
002780,0.067206,0.429082,0.00799164,0.171661
002781,0.371155,0.243342,0.00343915,0.214893
002782,0.401793,0.270340,0.00330485,0.196833
002783,0.102757,0.099562,0.00198597,0.239294
002784,0.562500,0.318218,0.01284120,0.261366
002785,0.580706,0.442428,0.01494172,0.207222
002786,0.616346,0.445754,0.01398474,0.200773
002787,0.793344,0.708025,0.01902435,0.104505
002788,0.820350,0.702419,0.02278413,0.117226
002789,0.819978,0.698971,0.01946008,0.088365
002790,0.367271,0.246866,0.00638169,0.184858
002791,0.368515,0.141213,0.00244274,0.192696
002792,0.384404,0.186390,0.00556183,0.242832
002793,0.754058,0.583612,0.01367592,0.177238
002794,0.491939,0.520015,0.01258897,0.204637
002795,0.163130,0.363938,0.01040137,0.219017
002796,0.259700,0.419780,0.00880343,0.170264
002797,0.236191,0.338878,0.00942434,0.212725
002798,0.922405,0.333325,0.00477511,0.199180
002799,0.454537,0.455998,0.00901826,0.165224
002800,0.336028,0.461694,0.01387447,0.210424
002801,0.294190,0.507871,0.01331291,0.195443
002802,0.354329,0.519626,0.01174156,0.169182
002803,0.465155,0.405336,0.01027285,0.208308
002804,0.352343,0.523987,0.01246417,0.190909
002805,0.341255,0.674146,0.01901048,0.186834
002806,0.332192,0.654098,0.01935231,0.209575
002807,0.150073,0.620451,0.02127508,0.218155
002808,0.497307,0.386999,0.00960678,0.184766
002809,0.462524,0.369520,0.01058441,0.225962
002810,0.478862,0.344713,0.00894441,0.218105
002811,0.112673,0.198077,0.00169112,0.175884
002812,0.064424,0.315591,0.00790901,0.231463
002813,0.046875,0.460915,0.00717316,0.159840
002814,0.193428,0.370339,0.00827303,0.200030
002815,0.172052,0.213795,0.00433330,0.197404
002816,0.172584,0.238487,0.00370932,0.177948
002817,0.381535,0.340823,0.01045204,0.228328
002818,0.149258,0.200027,0.00352938,0.170844
002819,0.242188,0.304079,0.00732202,0.199276
002820,0.570740,0.564616,0.02478230,0.205991
002821,0.572236,0.574857,0.01724452,0.140546
002822,0.531767,0.559315,0.01995680,0.170683
002823,0.273549,0.397409,0.00728951,0.168823
002824,1.100870,0.497255,0.01112917,0.160401
002825,0.238505,0.300834,0.00641224,0.194363
002826,0.144055,0.268177,0.00382585,0.171525
002827,0.407450,0.395379,0.00790055,0.190869
002828,0.221109,0.337881,0.00641159,0.180716
002829,0.230700,0.510460,0.01453641,0.202491
002830,0.241304,0.530157,0.00985764,0.160919
002831,0.213383,0.499486,0.01147884,0.181537
002832,0.590658,0.610646,0.01300527,0.161468
002833,0.343039,0.714682,0.02149858,0.186594
002834,0.390078,0.679255,0.01461386,0.161503
002835,0.322118,0.337332,0.00655748,0.173643
002836,0.216083,0.237464,0.00486478,0.211141
002837,0.221247,0.291433,0.00631446,0.194336
002838,0.854139,0.374842,0.01091420,0.215336
002839,0.693379,0.425911,0.01457117,0.238769
002840,0.504920,0.430422,0.01009991,0.180530
002841,0.168649,0.473434,0.01310464,0.195654
002842,0.166096,0.469657,0.01100080,0.181031
002843,0.160869,0.499333,0.01478015,0.215216
002844,0.750366,0.462491,0.01186032,0.186342
002845,0.752478,0.454761,0.01240434,0.197214
002846,0.663281,0.473434,0.01321741,0.198767
002847,0.628506,0.498018,0.01710524,0.166987
002848,0.590968,0.503012,0.01375026,0.145112
002849,0.608473,0.513814,0.01846472,0.181660
002850,0.804725,0.545217,0.01681370,0.195977
002851,0.748085,0.571991,0.02297296,0.225503
002852,0.502557,0.458266,0.00993536,0.178983
002853,0.214524,0.393557,0.00980519,0.205902
002854,0.133728,0.418388,0.01103322,0.201664
002855,0.416927,0.535905,0.01274562,0.186255
002856,0.050024,0.314931,0.00852635,0.187690
002857,0.133500,0.501531,0.00771826,0.158181
002858,0.039062,0.499057,0.00933438,0.172791
002859,0.619606,0.172173,0.00248142,0.260990
002860,0.781875,0.197553,0.00241664,0.215313
002861,0.581336,0.243335,0.00312185,0.209243
002862,0.649989,0.527137,0.01446206,0.176247
002863,0.801495,0.535299,0.01590469,0.165282
002864,0.867188,0.566076,0.02114384,0.195267
002865,0.327194,0.231128,0.00435947,0.220474
002866,0.391561,0.264049,0.00436779,0.215669
002867,0.195937,0.146408,0.00267837,0.223479
002868,0.283089,0.561094,0.01236652,0.157020
002869,0.266084,0.547105,0.01960975,0.211843
002870,0.290011,0.560508,0.01624743,0.185153
002871,0.190086,0.068689,0.00093470,0.214405
002872,0.565152,0.660424,0.01334165,0.150526
002873,0.269390,0.642752,0.01479626,0.172926
002874,0.251946,0.294957,0.00560608,0.177952
002875,0.224940,0.295860,0.00627325,0.196178
002876,0.230833,0.284445,0.00600181,0.198442
002877,0.173466,0.565488,0.01335938,0.171843
002878,0.165544,0.597920,0.02039452,0.214182
002879,0.156250,0.522516,0.01165394,0.167833
002880,0.106261,0.644617,0.01516882,0.167836
002881,0.917628,0.515402,0.01271509,0.221808
002882,0.924685,0.514497,0.01173431,0.179449
002883,0.784680,0.586730,0.02038368,0.098571
002884,0.765665,0.593073,0.02257626,0.120924
002885,0.800124,0.587409,0.01905414,0.054197
002886,0.237608,0.461917,0.01119651,0.192469
002887,0.309063,0.539103,0.01063024,0.171169
002888,0.535940,0.647780,0.01829542,0.187205
002889,0.182385,0.367035,0.00811651,0.203628
002890,0.533142,0.441730,0.00720201,0.192256
002891,0.798252,0.403981,0.00726129,0.215779
002892,0.039836,0.497877,0.01047945,0.176229
002893,0.055243,0.350531,0.00702367,0.172121
002894,0.049411,0.507757,0.01279832,0.192750
002895,0.148643,0.404744,0.00668665,0.171009
002896,0.469336,0.390506,0.00720560,0.198884
002897,0.815537,0.557961,0.01113849,0.171081
002898,0.277426,0.270349,0.00701435,0.224241
002899,0.237608,0.413328,0.01134426,0.206866
002900,0.194058,0.398433,0.01092525,0.214052
002901,0.371238,0.462434,0.01306038,0.201957
002902,1.114151,0.507135,0.01176113,0.155209
002903,1.105545,0.577357,0.01141955,0.162815
002904,0.167741,0.412587,0.00848664,0.205409
002905,0.101863,0.283786,0.00371412,0.199366
002906,0.093750,0.167884,0.00151409,0.192992
002907,0.372714,0.555893,0.02295213,0.212150
002908,0.370497,0.554058,0.01712458,0.183674
002909,0.381215,0.581145,0.01546904,0.149792
002910,0.121534,0.388035,0.00700586,0.198128
002911,0.094075,0.163976,0.00159832,0.184794
002912,0.170628,0.377971,0.00637391,0.182280
002913,0.303383,0.416398,0.01182290,0.212677
002914,0.229773,0.430378,0.01192955,0.215980
002915,0.276214,0.438966,0.01163292,0.197055
002916,0.265165,0.304395,0.00475093,0.169994
002917,0.267229,0.336026,0.00797513,0.204426
002918,0.264358,0.332839,0.00612276,0.171144
002919,0.238121,0.456378,0.01249465,0.203591
002920,0.101863,0.426794,0.00720410,0.165336
002921,0.195781,0.431845,0.00716697,0.171313
002922,0.430326,0.520958,0.01582765,0.186067
002923,0.419627,0.522556,0.01349630,0.167270
002924,0.444146,0.522490,0.01475670,0.176389
002925,0.678789,0.562037,0.01545722,0.113097
002926,0.591742,0.566392,0.01382592,0.125410
002927,0.656436,0.583128,0.01607464,0.113998
002928,0.487703,0.498284,0.01357166,0.218082
002929,0.434420,0.451581,0.01037594,0.204759
002930,0.681884,0.487450,0.01484581,0.231595
002931,0.728618,0.651666,0.01627805,0.167068
002932,0.055243,0.516272,0.01283529,0.177276
002933,0.074116,0.374484,0.01275709,0.219455
002934,0.182385,0.262304,0.00260803,0.175571
002935,0.197179,0.268844,0.00361131,0.211306
002936,0.161059,0.272704,0.00394190,0.205629
002937,0.420426,0.230495,0.00500987,0.215639
002938,0.232282,0.263877,0.00473897,0.184499
002939,0.289168,0.257157,0.00494556,0.196863
002940,0.856708,0.491077,0.01682680,0.061045
002941,0.822356,0.483593,0.01893118,0.127696
002942,0.832865,0.491095,0.01690752,0.095195
002943,0.426909,0.463186,0.01080281,0.182816
002944,0.327194,0.472787,0.01231659,0.187396
002945,0.359884,0.427091,0.01157574,0.200272
002946,0.493179,0.566778,0.01732326,0.155126
002947,0.452114,0.580179,0.02006849,0.180831
002948,0.455543,0.572169,0.02230748,0.198495
002949,0.227101,0.287236,0.00504257,0.206916
002950,0.112673,0.249987,0.00371671,0.185904
002951,0.253515,0.294838,0.00403313,0.174192
002952,0.305088,0.703348,0.01894769,0.192606
002953,0.356989,0.692418,0.01791003,0.187040
002954,0.094399,0.552506,0.01636969,0.190222
002955,0.309556,0.497418,0.01036423,0.179668
002956,0.199180,0.506871,0.01352272,0.200454
002957,0.259700,0.291924,0.00418854,0.179272
002958,0.649613,0.381086,0.00797432,0.202279
002959,0.667363,0.416867,0.01159234,0.218476
002960,0.696540,0.416634,0.01025952,0.196810
002961,0.189121,0.696297,0.01772783,0.169666
002962,0.046875,0.216945,0.00709604,0.209201
002963,0.447500,0.730872,0.02586258,0.208750
002964,0.227772,0.508535,0.00767811,0.167470
002965,0.245193,0.444100,0.00675484,0.170400
002966,0.251582,0.426555,0.00965815,0.206859
002967,0.370497,0.334342,0.00716318,0.185042
002968,0.211082,0.462544,0.00963217,0.183602
002969,0.265740,0.367265,0.00743259,0.187233
002970,0.405197,0.514896,0.01065346,0.185202
002971,0.161059,0.452886,0.01011153,0.190221
002972,0.373451,0.500083,0.01429783,0.218673
002973,0.965373,0.609691,0.01286099,0.175252
002974,0.541491,0.516273,0.01686779,0.232101
002975,0.324947,0.371408,0.00744874,0.193800
002976,0.273326,0.375487,0.00846167,0.205284
002977,0.444695,0.371264,0.00732877,0.207808
002978,0.718155,0.197617,0.00249769,0.207056
002979,0.370579,0.444687,0.00775881,0.176569
002980,0.180366,0.505887,0.01132567,0.181694
002981,0.230833,0.289238,0.00426534,0.186634
002982,0.294190,0.416301,0.00869388,0.174677
002983,0.140842,0.491077,0.01453739,0.223638
002984,0.159344,0.433993,0.00997887,0.191865
002985,0.254477,0.330630,0.00407909,0.166919
002986,0.272543,0.396390,0.00887197,0.195440
002987,0.201617,0.324637,0.00409247,0.165949
002988,0.412290,0.512269,0.01144985,0.163075
002989,0.324101,0.463633,0.01004050,0.178911
002990,0.431459,0.451545,0.00809232,0.166696
002991,0.171342,0.488780,0.00924083,0.176235
002992,0.406250,0.320514,0.00512066,0.197071
002993,0.227772,0.485917,0.00952185,0.179854
002994,0.466269,0.450369,0.01140972,0.163097
002995,0.426265,0.376896,0.01307999,0.218738
002996,0.427123,0.458508,0.01653574,0.219054
002997,0.749226,0.264583,0.01145116,0.256033
002998,0.629088,0.393231,0.01420885,0.224806
002999,0.528774,0.536215,0.01272847,0.148998
003000,0.289484,0.328970,0.00447574,0.168669
003001,0.164805,0.333892,0.00593838,0.178471
003002,0.238505,0.419251,0.00758880,0.175841
003003,0.500549,0.317898,0.00836743,0.197163
003004,0.281792,0.388840,0.00775744,0.181335
003005,0.227772,0.265530,0.00529249,0.205932
003006,0.405122,0.423051,0.00850504,0.176175
003007,0.397824,0.491677,0.01531892,0.215301
003008,0.426336,0.493460,0.01174776,0.173607
003009,0.147406,0.264815,0.00598493,0.240119
003010,0.217210,0.386223,0.00612405,0.175703
003011,0.360477,0.316940,0.00701017,0.238621
003012,0.796262,0.542029,0.01581879,0.079944
003013,0.796607,0.548056,0.01813539,0.092638
003014,0.803131,0.528949,0.01643323,0.072856
003015,0.294086,0.382601,0.01018532,0.212812
003016,0.258876,0.412539,0.00873634,0.171982
003017,0.245193,0.380935,0.00883694,0.208009
003018,0.713979,0.387232,0.00941817,0.204344
003019,0.597950,0.395230,0.00972786,0.216395
003020,0.471671,0.335095,0.00820764,0.217093
003021,0.373451,0.308878,0.00826285,0.210104
003022,0.440281,0.329605,0.00951359,0.222440
003023,0.430539,0.322913,0.00887891,0.207793
003024,0.399966,0.480099,0.01540155,0.216467
003025,0.366189,0.442960,0.00974796,0.191048
003026,0.408796,0.401862,0.00780457,0.175206
003027,0.083048,0.469653,0.00913533,0.162175
003028,0.069877,0.406012,0.00752136,0.163179
003029,0.094075,0.509568,0.00995154,0.164418
003030,0.089076,0.640035,0.01481420,0.181606
003031,0.281358,0.551876,0.01332096,0.182455
003032,0.432237,0.590217,0.01351517,0.177666
003033,0.054688,0.760864,0.01742088,0.165319
003034,0.032212,0.204743,0.00438774,0.170181
003035,0.034939,0.393560,0.00977404,0.186990
003036,0.328590,0.415244,0.01120014,0.207000
003037,1.101812,0.464362,0.00832255,0.162236
003038,1.116422,0.471969,0.01272210,0.190006
003039,0.070312,0.235372,0.00275253,0.189857
003040,0.108816,0.318720,0.00411392,0.169188
003041,0.199640,0.271602,0.00369083,0.208352
003042,0.341702,0.471235,0.00978550,0.154290
003043,0.357843,0.468479,0.01243293,0.178911
003044,0.355361,0.450687,0.01192169,0.184539
003045,0.118225,0.294658,0.00376374,0.178579
003046,0.156250,0.196500,0.00167171,0.191905
003047,0.093750,0.166715,0.00163064,0.191835
003048,0.323724,0.447539,0.01019494,0.192472
003049,0.303383,0.562484,0.01360056,0.190033
003050,0.312598,0.551817,0.01805911,0.218138
003051,0.081565,0.429078,0.00774420,0.155850
003052,0.072028,0.500201,0.01057829,0.166412
003053,0.073703,0.558087,0.01794953,0.203333
003054,0.441112,0.379471,0.01153845,0.193919
003055,0.398438,0.264607,0.00699527,0.235058
003056,0.399661,0.316225,0.01232097,0.228809
003057,0.064424,0.458558,0.01034908,0.180836
003058,0.104232,0.430395,0.01413927,0.219486
003059,0.098821,0.633652,0.01877625,0.185415
003060,0.705032,0.576082,0.01786878,0.079916
003061,0.746901,0.565194,0.01817681,0.072732
003062,0.689804,0.581277,0.02303866,0.145801
003063,0.565800,0.294939,0.00563169,0.211482
003064,0.236449,0.339115,0.00646583,0.195961
003065,0.293671,0.340547,0.00623165,0.203725
003066,0.907899,0.460128,0.00770882,0.176565
003067,0.046875,0.574589,0.01649500,0.213720
003068,0.148643,0.477988,0.01063356,0.209756
003069,0.108535,0.353991,0.00763853,0.219790
003070,0.164805,0.332826,0.00524192,0.196520
003071,0.096635,0.300040,0.00436662,0.201171
003072,0.204473,0.598523,0.01647906,0.185354
003073,0.195312,0.621695,0.01355116,0.164835
003074,0.212523,0.604903,0.01526301,0.172183
003075,0.310147,0.419979,0.00837933,0.193854
003076,0.190086,0.350180,0.00762666,0.222754
003077,0.260755,0.454225,0.00902753,0.189999
003078,0.784758,0.811177,0.02920232,0.146379
003079,0.773595,0.548006,0.01771664,0.192747
003080,0.839980,0.621384,0.01821013,0.170218
003081,0.675725,0.405442,0.01099739,0.179754
003082,0.581494,0.194680,0.00450442,0.255196
003083,0.612572,0.200054,0.00453528,0.258025
003084,0.953317,0.472499,0.01229912,0.224279
003085,0.988829,0.515903,0.01234461,0.190990
003086,0.957725,0.535173,0.01386578,0.197981
003087,0.073703,0.378997,0.00561386,0.175315
003088,0.100049,0.373259,0.00671162,0.201840
003089,0.087346,0.483374,0.01350855,0.218141
003090,0.306286,0.525451,0.01031114,0.173455
003091,0.360731,0.497343,0.01155569,0.196408
003092,0.331456,0.483585,0.01454380,0.222695
003093,0.457749,0.365913,0.00876039,0.228023
003094,0.464696,0.313598,0.00410250,0.180116
003095,0.289062,0.366531,0.00711817,0.202258
003096,0.111858,0.277514,0.00375167,0.191680
003097,0.156250,0.248244,0.00343389,0.230311
003098,0.087346,0.285663,0.00446184,0.214049
003099,0.094399,0.494856,0.01126985,0.187714
003100,0.104816,0.537052,0.01028352,0.189053
003101,0.102757,0.441669,0.01096866,0.215713
003102,0.226697,0.289900,0.00510185,0.212360
003103,0.117188,0.374097,0.00674787,0.194785
003104,0.126215,0.362629,0.00610504,0.203339
003105,0.066291,0.359502,0.00543237,0.171312
003106,0.091109,0.373214,0.00750926,0.211586
003107,0.078125,0.417504,0.00620026,0.168477
003108,0.464696,0.466872,0.01062642,0.171709
003109,0.748901,0.499126,0.01150760,0.176067
003110,0.657412,0.471975,0.01719397,0.236161
003111,0.047522,0.480674,0.01220153,0.177881
003112,0.055243,0.640297,0.01505237,0.179539
003113,0.047522,0.689654,0.02552533,0.204859
003114,0.304788,0.313488,0.00468418,0.189952
003115,0.244570,0.129749,0.00124627,0.199962
003116,0.277426,0.161687,0.00175335,0.215515
003117,0.263549,0.587059,0.01336360,0.170651
003118,0.046875,0.368127,0.00805770,0.195607
003119,0.042072,0.367630,0.00683214,0.187728
003120,1.076567,0.655725,0.01661638,0.202609
003121,0.605204,0.483247,0.00807870,0.180501
003122,0.203125,0.482234,0.00901562,0.188665
003123,0.972052,0.491212,0.01042889,0.184161
003124,1.000275,0.520116,0.01229384,0.188304
003125,0.704209,0.747895,0.03211020,0.211834
003126,0.170628,0.379470,0.00790399,0.205839
003127,0.175564,0.358224,0.00705613,0.208886
003128,0.168286,0.397797,0.00863646,0.204038
003129,0.146784,0.470732,0.00983231,0.188064
003130,0.156250,0.482792,0.00796683,0.159874
003131,0.172052,0.504271,0.01479632,0.214235
003132,0.062986,0.422561,0.00964375,0.228839
003133,0.248285,0.453977,0.01015312,0.208256
003134,0.148643,0.438455,0.00704030,0.198360
003135,0.272879,0.529641,0.01343414,0.185268
003136,0.270858,0.597326,0.01383055,0.162333
003137,0.279508,0.602162,0.02013129,0.202486
003138,0.502739,0.610253,0.01948686,0.187833
003139,0.513787,0.604425,0.01530452,0.166776
003140,0.661299,0.569303,0.01479249,0.174777
003141,0.961445,0.642515,0.01685327,0.150752
003142,0.701648,0.734063,0.02005689,0.169513
003143,0.795572,0.758040,0.01973139,0.150943
003144,0.066750,0.492038,0.01080821,0.193293
003145,0.061018,0.480034,0.01095301,0.197471
003146,0.070745,0.510846,0.00918782,0.176226
003147,0.485382,0.546059,0.01226778,0.180933
003148,0.344548,0.415529,0.00844324,0.191717
003149,0.140842,0.263494,0.00311311,0.187371
003150,0.403310,0.439200,0.01015002,0.216248
003151,0.140625,0.467719,0.00885996,0.182545
003152,0.211082,0.453938,0.01010258,0.191698
003153,0.803777,0.487836,0.01417094,0.194888
003154,0.844220,0.441350,0.01208183,0.204676
003155,0.720954,0.468873,0.01343189,0.198614
003156,0.178152,0.468671,0.01306594,0.211158
003157,0.129320,0.354636,0.00549103,0.185223
003158,0.106261,0.364581,0.00595517,0.175915
003159,0.127178,0.528928,0.01155930,0.181059
003160,0.119253,0.498554,0.01035070,0.174668
003161,0.078125,0.625425,0.01508062,0.177440
003162,0.711324,0.235924,0.00436103,0.220488
003163,0.416121,0.188532,0.00399691,0.250708
003164,0.461996,0.176346,0.00244087,0.196538
003165,0.062500,0.350128,0.00472721,0.175817
003166,0.085938,0.485285,0.00787762,0.162683
003167,0.049411,0.515538,0.00930652,0.160542
003168,0.328961,0.513107,0.01237731,0.199772
003169,0.365939,0.524844,0.01052052,0.182797
003170,0.345874,0.526563,0.01561954,0.223955
003171,0.289062,0.420875,0.01079862,0.216762
003172,0.243319,0.443399,0.00949352,0.194644
003173,0.267000,0.445332,0.00818323,0.174264
003174,0.179857,0.538890,0.01660615,0.211245
003175,0.157998,0.593327,0.01652551,0.202524
003176,0.266657,0.462821,0.00913662,0.181051
003177,0.055243,0.512016,0.01282144,0.203256
003178,0.077340,0.569359,0.01777804,0.223553
003179,0.080435,0.468901,0.01213916,0.221126
003180,0.067206,0.381652,0.00766654,0.205529
003181,0.059498,0.503338,0.01363229,0.213390
003182,0.054688,0.389934,0.00522861,0.163617
003183,0.947376,0.354428,0.00873263,0.185834
003184,0.954661,0.355220,0.00837441,0.192854
003185,0.916197,0.373723,0.00933745,0.199076
003186,0.125000,0.413833,0.01087661,0.229139
003187,0.598256,0.410505,0.00853900,0.202974
003188,0.281684,0.420663,0.00871734,0.215186
003189,0.085938,0.410997,0.00583586,0.172660
003190,0.101562,0.264658,0.00365498,0.205616
003191,0.076944,0.376141,0.00482600,0.172802
003192,0.168649,0.448342,0.01296652,0.237296
003193,0.117448,0.530376,0.00963458,0.156615
003194,0.146784,0.488851,0.00759196,0.160442
003195,0.820647,0.289665,0.00451003,0.230677
003196,0.647872,0.274925,0.00515450,0.239008
003197,0.635891,0.282817,0.00593821,0.243587
003198,0.067206,0.468775,0.00870942,0.166885
003199,0.352343,0.521296,0.01052488,0.176913
003200,0.276214,0.529876,0.01603448,0.213709
003201,0.594982,0.599653,0.01600379,0.171582
003202,0.332376,0.591667,0.01250459,0.155138
003203,0.506067,0.614701,0.01595091,0.165287
003204,0.125000,0.564714,0.01416032,0.203437
003205,0.242691,0.582509,0.01563449,0.203517
003206,0.286518,0.594030,0.01218363,0.182881
003207,0.182385,0.302916,0.00573843,0.221925
003208,0.208464,0.346536,0.00663718,0.213433
003209,0.187825,0.324056,0.00452918,0.185608
003210,0.674776,0.395136,0.00807129,0.177661
003211,0.605204,0.425258,0.01150199,0.198926
003212,0.653360,0.398819,0.00807922,0.178307
003213,0.251946,0.468282,0.00931107,0.178016
003214,0.299026,0.468520,0.01182956,0.198215
003215,0.259700,0.413466,0.00820958,0.192073
003216,0.094075,0.720197,0.02587818,0.205574
003217,0.101863,0.321914,0.00645588,0.198746
003218,0.094075,0.389877,0.00787462,0.181065
003219,0.987779,0.454056,0.01093268,0.196091
003220,0.956896,0.406261,0.01099398,0.226291
003221,0.971801,0.475597,0.01207491,0.196970
003222,0.045554,0.348496,0.00588638,0.190905
003223,0.055243,0.360447,0.00608242,0.197871
003224,0.055243,0.374249,0.00804370,0.214233
003225,0.622063,0.473124,0.00860760,0.177493
003226,0.557979,0.493168,0.00974335,0.175474
003227,0.550435,0.501780,0.01311471,0.194604
003228,0.375081,0.315759,0.01350608,0.221595
003229,0.281358,0.306386,0.01104764,0.215253
003230,0.494908,0.402885,0.01426378,0.159840
003231,0.250488,0.257598,0.00365836,0.206805
003232,0.150884,0.364276,0.00677157,0.191784
003233,0.116141,0.267574,0.00485577,0.217066
003234,0.531996,0.323223,0.00772315,0.247852
003235,0.889459,0.516341,0.01040129,0.176962
003236,0.642338,0.389475,0.00896471,0.225540
003237,0.151691,0.502419,0.00976283,0.158909
003238,0.143631,0.577808,0.01557420,0.182956
003239,0.143631,0.525755,0.01335190,0.189871
003240,0.179688,0.629786,0.01471976,0.169639
003241,0.073703,0.627780,0.01446150,0.173404
003242,0.091443,0.643759,0.01329967,0.156948
003243,0.622701,0.396821,0.01066299,0.189019
003244,0.698859,0.375827,0.00910265,0.185502
003245,0.653127,0.367313,0.00795103,0.177883
003246,0.073703,0.372735,0.00426496,0.154837
003247,0.072028,0.395497,0.00603706,0.179166
003248,0.056876,0.347851,0.00666245,0.209417
003249,0.392340,0.594144,0.02029029,0.179200
003250,0.256983,0.666348,0.02158873,0.184965
003251,0.191526,0.648161,0.02615531,0.216037
003252,0.936881,0.419904,0.00999232,0.190961
003253,0.917528,0.413816,0.01268045,0.222588
003254,0.883124,0.441370,0.01149377,0.189420
003255,0.923496,0.480313,0.01531642,0.185351
003256,0.838707,0.482789,0.01302092,0.167433
003257,0.844979,0.477379,0.01531881,0.193653
003258,0.735413,0.445677,0.00742752,0.167056
003259,0.242691,0.439579,0.00943545,0.190022
003260,0.163130,0.646659,0.01448035,0.162144
003261,0.062986,0.356655,0.00649999,0.194554
003262,0.067206,0.422894,0.00854141,0.192468
003263,0.069877,0.413825,0.00689655,0.183748
003264,0.032212,0.530816,0.00848812,0.150787
003265,0.039836,0.388413,0.01031144,0.228661
003266,0.042072,0.487587,0.00818251,0.170576
003267,0.049411,0.368737,0.00592999,0.175121
003268,0.094075,0.288237,0.00464576,0.214363
003269,0.080435,0.276961,0.00310950,0.175177
003270,0.073703,0.400302,0.00589971,0.169815
003271,0.095364,0.458350,0.01015850,0.200678
003272,0.064424,0.397818,0.00544781,0.163854
003273,0.094075,0.440317,0.00735530,0.173059
003274,0.115350,0.392196,0.00528895,0.167856
003275,0.119508,0.400616,0.00494856,0.160187
003276,0.335483,0.436172,0.00814267,0.183851
003277,0.213383,0.468506,0.00821905,0.171217
003278,0.111858,0.434646,0.01223155,0.232883
003279,0.220002,0.384455,0.00621490,0.178498
003280,0.184382,0.361150,0.00652033,0.191420
003281,0.242565,0.420088,0.00885960,0.190806
003282,0.643572,0.518349,0.01541562,0.183447
003283,0.618570,0.526940,0.01400591,0.164436
003284,0.578442,0.553351,0.01325566,0.149600
003285,0.248285,0.531643,0.01357527,0.191863
003286,0.234895,0.559809,0.01807647,0.215378
003287,0.228708,0.530543,0.01138220,0.170747
003288,0.059498,0.533027,0.01207090,0.180591
003289,0.056337,0.466463,0.01094600,0.197978
003290,0.062500,0.456652,0.00720363,0.165644
003291,0.628360,0.430970,0.01145135,0.209731
003292,0.679508,0.425447,0.00976623,0.177078
003293,0.738725,0.378093,0.00809124,0.192525
003294,1.040207,0.524019,0.04034455,0.182888
003295,1.068286,0.755506,0.04592593,0.000000
003296,1.066084,0.560742,0.03593637,0.074699
003297,0.104816,0.472809,0.00795602,0.168221
003298,0.119253,0.521935,0.00830067,0.149304
003299,0.159344,0.506626,0.01565086,0.249284
003300,0.554688,0.435662,0.01349325,0.219907
003301,0.641244,0.474956,0.01303712,0.185693
003302,0.520338,0.513190,0.01202058,0.159235
003303,0.220556,0.529914,0.01271912,0.181023
003304,0.206404,0.566884,0.01156745,0.163765
003305,0.229773,0.580785,0.01651330,0.195665
003306,0.125973,0.395723,0.00577535,0.171582
003307,0.144055,0.439234,0.00785630,0.175465
003308,0.132812,0.374568,0.00467051,0.170538
003309,0.873115,0.393090,0.01275173,0.248965
003310,0.860262,0.474070,0.01196432,0.189118
003311,0.880459,0.435265,0.01396745,0.227867
003312,0.066750,0.375983,0.00542545,0.178961
003313,0.059498,0.382723,0.00688797,0.191587
003314,0.066291,0.452307,0.00881311,0.187487
003315,0.202674,0.431141,0.00938504,0.207192
003316,0.158191,0.541817,0.01449634,0.199028
003317,0.134865,0.561774,0.01376430,0.184641
003318,0.766501,0.346607,0.00882909,0.226230
003319,0.779138,0.416029,0.01125544,0.226205
003320,0.691086,0.448036,0.01337226,0.206090
003321,0.765665,0.392817,0.01011054,0.208786
003322,0.735745,0.387799,0.00830132,0.198146
003323,0.758819,0.398169,0.01146088,0.224935
003324,0.066750,0.321349,0.00561682,0.205503
003325,0.055243,0.296425,0.00473903,0.196084
003326,0.069877,0.369285,0.00463173,0.167030
003327,1.067229,0.365251,0.00884813,0.219810
003328,1.029651,0.382242,0.00762087,0.198748
003329,1.035886,0.369025,0.01018115,0.258288
003330,0.203725,0.573551,0.01736132,0.214285
003331,0.211515,0.511611,0.01369082,0.206348
003332,0.188150,0.617166,0.01495237,0.178620
003333,0.799933,0.412944,0.01196843,0.214560
003334,0.781953,0.372658,0.00880966,0.199050
003335,0.757933,0.450932,0.01262884,0.198648
003336,0.188798,0.365759,0.00487151,0.170132
003337,0.158191,0.450708,0.01287515,0.234965
003338,0.134411,0.506116,0.01213920,0.194353
003339,0.995504,0.396694,0.01322651,0.229904
003340,0.813438,0.369045,0.00917837,0.238338
003341,0.979838,0.485627,0.01665584,0.243825
003342,0.272879,0.398540,0.00828488,0.204338
003343,0.182385,0.350459,0.00536035,0.173726
003344,0.216083,0.374252,0.00626214,0.188344
003345,0.360138,0.510762,0.01098393,0.196392
003346,0.117188,0.251579,0.00353854,0.183221
003347,0.332376,0.509940,0.00852276,0.171364
003348,0.149258,0.368587,0.00711851,0.195110
003349,0.167195,0.364937,0.00459172,0.167670
003350,0.125244,0.435810,0.00798988,0.176492
003351,0.102757,0.492980,0.00951697,0.183962
003352,0.078515,0.367685,0.00719831,0.208708
003353,0.069877,0.439040,0.00892481,0.190665
003354,0.213240,0.378390,0.00619107,0.188018
003355,0.269729,0.368944,0.00572677,0.177161
003356,0.156250,0.334467,0.00644114,0.210711
003357,0.104232,0.565741,0.01736663,0.215629
003358,0.094399,0.606915,0.01266915,0.169560
003359,0.087346,0.507443,0.01397173,0.215634
003360,0.213240,0.189274,0.00237701,0.214194
003361,0.190727,0.179916,0.00168170,0.194929
003362,0.098821,0.375904,0.00723181,0.202071
003363,0.835645,0.484532,0.02508417,0.179353
003364,0.771225,0.505579,0.02728071,0.191540
003365,0.852458,0.507314,0.02477923,0.146977
003366,0.328590,0.336003,0.00703969,0.211249
003367,0.652238,0.276395,0.00395829,0.215561
003368,0.197179,0.427028,0.01216544,0.207741
003369,0.894386,0.694303,0.01773016,0.132247
003370,0.994369,0.443338,0.01140314,0.210944
003371,0.944376,0.405471,0.00935453,0.199196
003372,0.673961,0.506137,0.01354029,0.161399
003373,0.576751,0.496228,0.01242484,0.165538
003374,0.720828,0.484751,0.01444273,0.188275
003375,0.578969,0.453359,0.01390869,0.215358
003376,0.532684,0.461616,0.00997002,0.172700
003377,0.586146,0.449128,0.01175542,0.194700
003378,0.234375,0.580217,0.01379633,0.174666
003379,0.239017,0.583005,0.01977118,0.214004
003380,0.187500,0.596071,0.01729385,0.195827
003381,0.144055,0.378721,0.00732745,0.192795
003382,0.211082,0.413743,0.01077780,0.236211
003383,0.192162,0.417637,0.00668720,0.169975
003384,0.686967,0.440704,0.01597517,0.169065
003385,0.628117,0.506635,0.01764163,0.161933
003386,0.659219,0.487799,0.01522209,0.145036
003387,0.062986,0.340739,0.00653982,0.214958
003388,0.055243,0.257632,0.00488773,0.234600
003389,0.055243,0.373898,0.00638254,0.194446
003390,0.406325,0.422711,0.01125716,0.212715
003391,0.320312,0.416211,0.01152620,0.209505
003392,0.314932,0.359792,0.00924923,0.237125
003393,0.178152,0.384151,0.00550343,0.172755
003394,0.169010,0.380087,0.00890191,0.222240
003395,0.178152,0.363332,0.00609897,0.186095
003396,0.266657,0.576408,0.01781551,0.218091
003397,0.179857,0.397820,0.00698842,0.187541
003398,0.199180,0.367802,0.00522729,0.181164
003399,0.985552,0.342568,0.00710609,0.180254
003400,0.863661,0.385869,0.01078778,0.218475
003401,0.988212,0.399817,0.00924850,0.195781
003402,0.197642,0.496855,0.01412743,0.213682
003403,0.221109,0.501905,0.01029263,0.186451
003404,0.211082,0.503782,0.00977405,0.177639
003405,0.148643,0.495227,0.01510113,0.234236
003406,0.140625,0.475594,0.01014679,0.192943
003407,0.096635,0.457250,0.00813673,0.171205
003408,0.105106,0.480638,0.00825134,0.176599
003409,0.101863,0.435379,0.00965742,0.205560
003410,0.061018,0.126311,0.00331936,0.215332
003411,0.537645,0.412968,0.01197191,0.224229
003412,0.497123,0.429417,0.00878910,0.172263
003413,0.556061,0.413466,0.00909393,0.199946
003414,0.070745,0.238468,0.00223156,0.176941
003415,0.067206,0.327956,0.00418977,0.181053
003416,0.061018,0.325257,0.00440998,0.176420
003417,0.095364,0.470390,0.00717707,0.162849
003418,0.116141,0.449155,0.00839101,0.190654
003419,0.102757,0.501900,0.00771922,0.165018
003420,0.421947,0.484723,0.00968326,0.169939
003421,0.754907,0.545133,0.01419679,0.181734
003422,0.535883,0.522036,0.01068619,0.166869
003423,0.554853,0.501834,0.01558648,0.218046
003424,0.337297,0.530300,0.01724640,0.226286
003425,0.415901,0.518681,0.00986613,0.167966
003426,0.742188,0.469987,0.01338155,0.219348
003427,0.562554,0.420901,0.01128840,0.219358
003428,0.834220,0.442594,0.00864678,0.177551
003429,0.784758,0.527243,0.01146657,0.184283
003430,0.605658,0.521790,0.01172760,0.177516
003431,0.701082,0.469607,0.00952673,0.182971
003432,0.578600,0.589708,0.01733403,0.189442
003433,0.605658,0.603643,0.01848321,0.197453
003434,0.583066,0.621410,0.01810267,0.194239
003435,0.382174,0.525389,0.01383814,0.186713
003436,0.613667,0.592151,0.02127062,0.218655
003437,0.870033,0.490824,0.01927892,0.221377
003438,0.050024,0.432727,0.00867608,0.193236
003439,0.062986,0.465657,0.00960259,0.187866
003440,0.062500,0.419346,0.01133436,0.235096
003441,0.609826,0.478728,0.00969386,0.178097
003442,0.871925,0.527898,0.01331613,0.182477
003443,0.703342,0.409406,0.00753203,0.172832
003444,0.729246,0.471000,0.01316819,0.169627
003445,0.740829,0.504061,0.01427925,0.163757
003446,0.735538,0.492615,0.01221359,0.153140
003447,0.772213,0.251253,0.00581466,0.281474
003448,0.795495,0.251653,0.00538808,0.247447
003449,0.825652,0.354936,0.01103128,0.272637
003450,0.646175,0.477044,0.01378955,0.198432
003451,0.618570,0.454946,0.01312897,0.207503
003452,0.641054,0.470170,0.01202774,0.186191
003453,0.591484,0.348396,0.01004759,0.193327
003454,0.785691,0.259760,0.00589896,0.189221
003455,0.711452,0.215566,0.00653694,0.236871
003456,0.399050,0.241851,0.00300660,0.181284
003457,0.266084,0.136308,0.00157916,0.202861
003458,0.385909,0.236066,0.00274757,0.179243
003459,0.250122,0.503873,0.01177844,0.189223
003460,0.237608,0.501862,0.00879554,0.159825
003461,0.265625,0.542308,0.01065256,0.164775
003462,0.204473,0.608098,0.01209483,0.159682
003463,0.187825,0.617592,0.01718558,0.192203
003464,0.196714,0.603392,0.01742162,0.195489
003465,1.055497,0.547156,0.01743248,0.210552
003466,0.031250,0.419702,0.01009604,0.199801
003467,0.039062,0.450563,0.01053673,0.192852
003468,0.634498,0.324533,0.00691581,0.207337
003469,0.655738,0.331776,0.00643415,0.203871
003470,0.634931,0.311047,0.00533376,0.184075
003471,0.861397,0.212607,0.00557667,0.290222
003472,0.736408,0.177347,0.00361416,0.271742
003473,0.882951,0.411928,0.01470149,0.257253
003474,0.185701,0.416424,0.00786070,0.171963
003475,0.187663,0.439180,0.00782013,0.170146
003476,0.192955,0.435423,0.00825153,0.174146
003477,0.056876,0.428607,0.00703459,0.177019
003478,0.062986,0.542168,0.00935090,0.164670
003479,0.052408,0.464898,0.00947543,0.182969
003480,0.873674,0.547527,0.02903446,0.161894
003481,0.898438,0.627716,0.02653767,0.088640
003482,0.862070,0.714061,0.03191427,0.078463
003483,0.576433,0.426061,0.00865575,0.170916
003484,0.468880,0.456860,0.01173054,0.196992
003485,0.528312,0.446268,0.01208605,0.211013
003486,0.429759,0.429620,0.00951761,0.180224
003487,0.316093,0.411496,0.00918024,0.195533
003488,0.385672,0.464242,0.01024364,0.178993
003489,0.193271,0.561374,0.01879647,0.218533
003490,0.209631,0.561730,0.01432885,0.184156
003491,0.199180,0.583532,0.01950050,0.208144
003492,0.292839,0.496517,0.01030835,0.182674
003493,0.342683,0.493565,0.01058216,0.191165
003494,0.156445,0.466344,0.00915914,0.181622
003495,0.485696,0.506841,0.01039337,0.172804
003496,0.687678,0.485442,0.01127516,0.176502
003497,0.845665,0.498937,0.01556585,0.198396
003498,0.164062,0.604578,0.01830716,0.210837
003499,0.112673,0.566714,0.01772217,0.216093
003500,0.144055,0.591504,0.01568100,0.194982
003501,0.133042,0.498898,0.00892136,0.179566
003502,0.117448,0.540941,0.01076885,0.182145
003503,0.118225,0.039653,0.00066746,0.233827
003504,0.676447,0.445486,0.00793662,0.196626
003505,0.560108,0.438045,0.01014058,0.213369
003506,0.451573,0.490214,0.00899241,0.184612
003507,0.056337,0.373095,0.00478243,0.155097
003508,0.064424,0.434579,0.00658432,0.168262
003509,0.067206,0.357615,0.00798450,0.227285
003510,0.076944,0.401576,0.00595792,0.177951
003511,0.066750,0.407488,0.00977361,0.218811
003512,0.086292,0.507388,0.01229919,0.207124
003513,0.110485,0.527611,0.01286539,0.193049
003514,0.101562,0.348267,0.00411122,0.162033
003515,0.054688,0.298480,0.00564107,0.190205
003516,0.078125,0.548568,0.01526627,0.204173
003517,0.070745,0.514886,0.00857234,0.164289
003518,0.073703,0.521213,0.00951808,0.174202
003519,0.961572,0.383805,0.01140766,0.219512
003520,0.936621,0.374750,0.01034353,0.232572
003521,0.901828,0.438011,0.01426545,0.206698
003522,0.590710,0.535501,0.01591713,0.202919
003523,0.768053,0.523237,0.01107290,0.176476
003524,0.735869,0.435044,0.00996349,0.202473
003525,0.079672,0.415001,0.00704321,0.172748
003526,0.174693,0.324274,0.00496228,0.178927
003527,0.110485,0.250714,0.00288565,0.202802
003528,0.968561,0.400445,0.01017280,0.256665
003529,0.195312,0.262366,0.00629766,0.254169
003530,0.395285,0.165832,0.00194046,0.225399
003531,0.833415,0.489276,0.01356545,0.188521
003532,0.709563,0.497185,0.01287701,0.179184
003533,0.769363,0.511143,0.01314297,0.179469
003534,0.936360,0.192683,0.00549688,0.257442
003535,0.875558,0.313179,0.00647493,0.207688
003536,0.833012,0.325993,0.00923987,0.251995
003537,0.626220,0.424663,0.00979899,0.184171
003538,0.570794,0.425937,0.00997756,0.180844
003539,0.530445,0.379516,0.00789333,0.187436
003540,0.871260,0.288945,0.00524155,0.221371
003541,0.899388,0.482627,0.00891312,0.177520
003542,0.796722,0.386033,0.00855073,0.210286
003543,0.290747,0.425829,0.00683887,0.173899
003544,0.250122,0.448840,0.01107157,0.218835
003545,0.257694,0.488308,0.01321873,0.212376
003546,0.849014,0.501664,0.01434135,0.176404
003547,0.817779,0.540256,0.01779871,0.193687
003548,0.881152,0.513092,0.01349957,0.161340
003549,0.089076,0.445036,0.01142080,0.212587
003550,0.095043,0.452969,0.01211236,0.219140
003551,0.089076,0.406314,0.00546542,0.162996
003552,0.414136,0.410686,0.01028102,0.215144
003553,0.378967,0.434459,0.00671051,0.173129
003554,0.443114,0.419155,0.00703643,0.179085
003555,0.226697,0.488129,0.01518902,0.226951
003556,0.165544,0.447410,0.01201488,0.208598
003557,0.233069,0.495128,0.01510094,0.227957
003558,0.084505,0.552765,0.01076141,0.165933
003559,0.143631,0.509310,0.00887524,0.162178
003560,0.084143,0.480897,0.01301204,0.205690
003561,0.171520,0.321348,0.00867581,0.235600
003562,0.174693,0.346034,0.00731727,0.199301
003563,0.204473,0.320148,0.00560817,0.183633
003564,0.171520,0.442396,0.00772003,0.166687
003565,0.149258,0.487309,0.00879430,0.166892
003566,0.156250,0.420373,0.01101951,0.206334
003567,0.213383,0.453842,0.00921735,0.184142
003568,0.192955,0.521009,0.01191788,0.190479
003569,0.184382,0.483662,0.00835267,0.166135
003570,0.533314,0.259846,0.00497080,0.219991
003571,0.657412,0.263855,0.00396366,0.182966
003572,0.435613,0.275005,0.00423929,0.182477
003573,0.342416,0.493211,0.01003692,0.178067
003574,0.312598,0.475638,0.00921098,0.171818
003575,0.323724,0.471144,0.01124229,0.198498
003576,0.225347,0.382151,0.00803848,0.211205
003577,0.182886,0.384842,0.00559920,0.168641
003578,0.188150,0.498137,0.00911076,0.175232
003579,0.102757,0.408824,0.00599947,0.181137
003580,0.086292,0.379396,0.00486005,0.160367
003581,0.069877,0.392260,0.00712456,0.192694
003582,0.167012,0.459113,0.00713214,0.155209
003583,0.062986,0.433294,0.00799830,0.173523
003584,0.101863,0.461865,0.01029192,0.180701
003585,0.227772,0.602320,0.01952136,0.201414
003586,0.203275,0.629288,0.01676278,0.182210
003587,0.226697,0.611696,0.01468332,0.170390
003588,0.578178,0.399296,0.01178697,0.226817
003589,0.613667,0.400337,0.01081978,0.207970
003590,0.593750,0.421399,0.01162073,0.206100
003591,0.642338,0.772874,0.02656027,0.168691
003592,0.834330,0.631875,0.02431844,0.213178
003593,0.742557,0.793913,0.02979304,0.168738
003594,0.726562,0.312013,0.00392489,0.175341
003595,0.087346,0.265743,0.00366978,0.200114
003596,0.122035,0.428128,0.00592037,0.157000
003597,0.371155,0.353848,0.00589143,0.212563
003598,0.387960,0.422300,0.00975768,0.240490
003599,0.394435,0.386103,0.00621031,0.189891
003600,0.150073,0.479551,0.00805638,0.161801
003601,0.173466,0.509795,0.00834833,0.162613
003602,0.174693,0.523259,0.00935891,0.164114
003603,0.148643,0.431944,0.00929312,0.195394
003604,0.133042,0.373999,0.00535811,0.167186
003605,0.212523,0.410013,0.00595745,0.166505
003606,0.069877,0.441618,0.00686452,0.156031
003607,0.091443,0.451296,0.00986793,0.200887
003608,0.097890,0.520218,0.01550587,0.218859
003609,1.116395,0.500444,0.04219826,0.159012
003610,1.114589,0.498785,0.04266114,0.178400
003611,1.112452,0.500649,0.04075518,0.142597
003612,0.101562,0.524069,0.01116049,0.181878
003613,0.095364,0.507550,0.01044538,0.182594
003614,0.096635,0.597032,0.01353185,0.171037
003615,0.616544,0.490263,0.00820123,0.187789
003616,0.926630,0.614374,0.01523736,0.188370
003617,0.890762,0.499080,0.01292216,0.218160
003618,0.624267,0.470681,0.01463895,0.160080
003619,0.585521,0.481210,0.01473563,0.167823
003620,0.452923,0.506342,0.01404583,0.170242
003621,0.047522,0.508084,0.01493613,0.219984
003622,0.050024,0.534467,0.01013268,0.180417
003623,0.054688,0.494647,0.00912145,0.178280
003624,0.625391,0.246149,0.00745591,0.271419
003625,0.687367,0.326980,0.00923478,0.235420
003626,0.675409,0.351607,0.00878239,0.215991
003627,0.356989,0.406260,0.00900185,0.191403
003628,0.266084,0.275707,0.00450740,0.210007
003629,0.377029,0.283962,0.00535427,0.225872
003630,0.459943,0.430996,0.00710008,0.167381
003631,0.409393,0.435401,0.00795355,0.183122
003632,0.096635,0.366152,0.00920983,0.228521
003633,0.477011,0.497673,0.01158928,0.176612
003634,0.211082,0.402196,0.00862911,0.195835
003635,0.348861,0.416685,0.00858453,0.196385
003636,0.381615,0.363007,0.00852950,0.206445
003637,0.376300,0.362795,0.00701653,0.178477
003638,0.381535,0.357625,0.00905934,0.216804
003639,0.216647,0.463215,0.00945328,0.176788
003640,0.172584,0.527935,0.01463677,0.196558
003641,0.234895,0.469298,0.00942535,0.181433
003642,0.642813,0.366945,0.01062918,0.220278
003643,0.485382,0.339728,0.00865748,0.211380
003644,0.672057,0.308904,0.00596894,0.213373
003645,0.531307,0.323816,0.00695922,0.188346
003646,0.138438,0.671930,0.02268293,0.195535
003647,0.400195,0.458945,0.00959280,0.157425
003648,0.105106,0.275262,0.00413608,0.188267
003649,0.104232,0.274728,0.00315248,0.159098
003650,0.153491,0.258035,0.00343215,0.214016
003651,0.205069,0.378012,0.00707697,0.203876
003652,0.382892,0.306120,0.00701043,0.237261
003653,0.070745,0.253248,0.00388530,0.187996
003654,0.911923,0.639643,0.02540843,0.197311
003655,0.894045,0.583982,0.02078405,0.187175
003656,0.895205,0.651613,0.02652799,0.200998
003657,0.587238,0.353484,0.00683203,0.180551
003658,0.435963,0.394617,0.01109960,0.216754
003659,0.614363,0.350006,0.00963623,0.226039
003660,0.070312,0.362927,0.00463659,0.164396
003661,0.059498,0.344790,0.00546669,0.183224
003662,0.062986,0.376097,0.00794732,0.205836
003663,0.078125,0.255307,0.00310292,0.179616
003664,0.086292,0.362659,0.00747864,0.216584
003665,0.078515,0.216192,0.00179080,0.162848
003666,0.562717,0.589494,0.01751321,0.180014
003667,0.538779,0.650118,0.01584940,0.153869
003668,0.608573,0.592054,0.01437720,0.153778
003669,0.230833,0.536448,0.00987098,0.155196
003670,0.233069,0.548939,0.01027156,0.158244
003671,0.217069,0.568825,0.01589716,0.195108
003672,0.397824,0.354428,0.00624564,0.179996
003673,0.343750,0.328328,0.00501623,0.175674
003674,0.349386,0.344898,0.00583537,0.186829
003675,0.548547,0.300550,0.00502209,0.197807
003676,0.583066,0.353053,0.00899549,0.228600
003677,0.565152,0.314462,0.00697517,0.212340
003678,0.197179,0.379393,0.00633092,0.172059
003679,0.216083,0.368767,0.00822150,0.214076
003680,0.200250,0.376883,0.00699894,0.189258
003681,0.918326,0.507650,0.01449231,0.178627
003682,0.825024,0.484336,0.01272705,0.190017
003683,0.886435,0.501464,0.01347337,0.171214
003684,0.442080,0.409408,0.00981558,0.214185
003685,0.151691,0.359126,0.00727040,0.209797
003686,0.149258,0.461005,0.01099568,0.197015
003687,0.999573,0.422845,0.01029572,0.194821
003688,1.001768,0.454583,0.01399098,0.193089
003689,0.984499,0.520213,0.01598568,0.148965
003690,0.067206,0.404896,0.00746243,0.189679
003691,0.056876,0.393021,0.00487560,0.160528
003692,0.045554,0.361606,0.00603800,0.185715
003693,0.078125,0.421593,0.00613843,0.167991
003694,0.062986,0.349206,0.00538762,0.177584
003695,0.079672,0.380162,0.00807262,0.211695
003696,0.509792,0.439696,0.01120140,0.181802
003697,0.510151,0.404506,0.01176677,0.212590
003698,0.444215,0.410218,0.00983058,0.188768
003699,0.032212,0.482877,0.01132143,0.202483
003700,0.047522,0.514303,0.01408195,0.203788
003701,0.044194,0.569102,0.00942800,0.154432
003702,0.559126,0.409767,0.00768669,0.176493
003703,0.576751,0.410500,0.01183468,0.215742
003704,0.537248,0.395508,0.00913573,0.199665
003705,0.064424,0.470179,0.01343269,0.227589
003706,0.064424,0.483995,0.01103888,0.198437
003707,0.072028,0.522757,0.01233555,0.196884
003708,0.183053,0.543129,0.01234934,0.187422
003709,0.154087,0.508005,0.01392039,0.212626
003710,0.155074,0.411132,0.01021572,0.233919
003711,0.250122,0.464269,0.00806136,0.168418
003712,0.307777,0.486823,0.01296280,0.208730
003713,0.265395,0.468471,0.00979921,0.179282
003714,0.251582,0.593175,0.01830469,0.199338
003715,0.216083,0.604311,0.01274151,0.161730
003716,0.228173,0.566397,0.01211519,0.161140
003717,0.179688,0.766184,0.03156634,0.208312
003718,0.116141,0.477937,0.01055355,0.184074
003719,0.080435,0.613631,0.01511625,0.177532
003720,0.259700,0.287760,0.00551605,0.230365
003721,0.229773,0.366931,0.00594372,0.177350
003722,0.281358,0.340961,0.00678564,0.233589
003723,0.761709,0.326278,0.00824875,0.220948
003724,0.612771,0.215932,0.00376751,0.224860
003725,0.829782,0.495273,0.01461687,0.192815
003726,0.244070,0.271313,0.00544853,0.200262
003727,0.261923,0.298813,0.00659319,0.215136
003728,0.234114,0.354096,0.00686085,0.179567
003729,0.140625,0.388116,0.00989609,0.223735
003730,0.123526,0.273188,0.00492354,0.187512
003731,0.313767,0.430054,0.00756450,0.176089
003732,0.324947,0.519606,0.00973076,0.165289
003733,0.311032,0.535932,0.01054846,0.167774
003734,0.489265,0.361693,0.00793424,0.218048
003735,0.226562,0.660801,0.02145945,0.200288
003736,0.197642,0.646228,0.01878194,0.195160
003737,0.206404,0.653596,0.01503905,0.164755
003738,0.900100,0.382077,0.00755858,0.213306
003739,0.790106,0.389405,0.00650805,0.184400
003740,0.867188,0.441141,0.01006050,0.216783
003741,0.070312,0.348286,0.00590708,0.202299
003742,0.084505,0.316929,0.00529098,0.203272
003743,0.045554,0.322135,0.00546985,0.193209
003744,0.468294,0.509206,0.00990605,0.167404
003745,0.210213,0.401915,0.00937025,0.193138
003746,0.117188,0.363908,0.00758892,0.212484
003747,0.407824,0.387694,0.00779866,0.208153
003748,0.352949,0.505612,0.01765962,0.224461
003749,0.140842,0.237936,0.00304520,0.209559
003750,0.179857,0.507214,0.01159007,0.193005
003751,0.164805,0.497212,0.00884409,0.165468
003752,0.180366,0.521070,0.00996551,0.171608
003753,0.407450,0.311912,0.00756060,0.199606
003754,0.155074,0.606023,0.01735784,0.194707
003755,0.296978,0.396074,0.00749750,0.171100
003756,0.681526,0.616073,0.02343519,0.200610
003757,0.657597,0.618744,0.01672229,0.164637
003758,0.712824,0.601753,0.01494674,0.160549
003759,0.663005,0.394429,0.01186902,0.232192
003760,0.661899,0.372643,0.01059358,0.215784
003761,0.693863,0.367520,0.00899197,0.207037
003762,0.039062,0.331374,0.00719278,0.201083
003763,0.062986,0.470351,0.01176687,0.217298
003764,0.066291,0.501638,0.01395955,0.219990
003765,0.509492,0.372609,0.00708996,0.195796
003766,0.567738,0.362042,0.00902311,0.229890
003767,0.670283,0.363229,0.00595187,0.179919
003768,0.485759,0.211919,0.00298086,0.232736
003769,0.218889,0.320570,0.00682240,0.185905
003770,0.425046,0.407125,0.01183885,0.203057
003771,0.909611,0.657372,0.02103053,0.180494
003772,0.947376,0.404922,0.00818239,0.206355
003773,0.994676,0.445422,0.01153357,0.218215
003774,0.052408,0.411327,0.00677804,0.181426
003775,0.042072,0.391052,0.00822653,0.209121
003776,0.039062,0.390304,0.00669868,0.171360
003777,0.852673,0.319844,0.00658341,0.212427
003778,0.810733,0.307426,0.00768875,0.248538
003779,0.900439,0.310048,0.00640034,0.224450
003780,0.132812,0.458874,0.00770582,0.168930
003781,0.144055,0.394214,0.00548109,0.176999
003782,0.149258,0.545934,0.01208061,0.189467
003783,0.295329,0.365865,0.00953450,0.226846
003784,0.288111,0.387528,0.00843951,0.197340
003785,0.273549,0.350846,0.00801618,0.209107
003786,0.312207,0.415619,0.00832231,0.190621
003787,0.203725,0.365215,0.00741733,0.207127
003788,0.265625,0.492825,0.01013589,0.172055
003789,0.144055,0.318233,0.00881645,0.222941
003790,0.253515,0.563919,0.01282768,0.175342
003791,0.158191,0.275622,0.00626754,0.243653
003792,0.062500,0.243501,0.00429634,0.237904
003793,0.042072,0.547773,0.01273335,0.190766
003794,0.039836,0.438470,0.00776474,0.182759
003795,0.548547,0.527870,0.02274090,0.175500
003796,0.455543,0.561612,0.01751977,0.148944
003797,0.470375,0.506608,0.01989104,0.166982
003798,0.078125,0.435743,0.01059150,0.211652
003799,0.087346,0.427537,0.00672705,0.183402
003800,0.076944,0.364287,0.00539259,0.169122
003801,0.254116,0.368839,0.00587656,0.181651
003802,0.240671,0.345740,0.00811265,0.232223
003803,0.205069,0.409410,0.00807805,0.191249
003804,0.175564,0.364563,0.00482983,0.163746
003805,0.134865,0.397703,0.00567408,0.169483
003806,0.133042,0.513050,0.01053601,0.179481
003807,0.242188,0.618451,0.01444567,0.161124
003808,0.238121,0.593158,0.01723543,0.195401
003809,0.220002,0.607119,0.01492483,0.177532
003810,0.635507,0.442839,0.00956797,0.200329
003811,0.954341,0.348503,0.00553646,0.163685
003812,0.905745,0.541099,0.01286236,0.174715
003813,0.821242,0.347348,0.00780516,0.192660
003814,0.899286,0.235367,0.00459972,0.204491
003815,0.913528,0.372595,0.00741770,0.178182
003816,0.470375,0.491884,0.01045336,0.178125
003817,0.446886,0.499675,0.01063964,0.172453
003818,0.478161,0.504071,0.01133739,0.177654
003819,0.438127,0.506584,0.01051118,0.164055
003820,0.404217,0.523110,0.01083545,0.167246
003821,0.333750,0.429086,0.01102206,0.212203
003822,0.266084,0.370375,0.00676603,0.188245
003823,0.239017,0.356827,0.00637825,0.183314
003824,0.306983,0.408617,0.00864303,0.195628
003825,0.610076,0.402794,0.01118823,0.211182
003826,0.579812,0.403694,0.00950140,0.202687
003827,0.565206,0.402828,0.00782051,0.174504
003828,0.538156,0.381316,0.00747658,0.206174
003829,0.140842,0.602999,0.01501290,0.184239
003830,0.211082,0.569701,0.01541551,0.188374
003831,0.403310,0.381152,0.00962330,0.228402
003832,0.422887,0.426854,0.00826021,0.166195
003833,0.533314,0.417741,0.00796087,0.155993
003834,0.298515,0.350341,0.00510714,0.181071
003835,0.332376,0.385337,0.00681775,0.194273
003836,0.331916,0.374264,0.00684221,0.193579
003837,0.893260,0.536347,0.01120063,0.195826
003838,0.132812,0.713854,0.01670704,0.173619
003839,0.054688,0.466324,0.01058272,0.205108
003840,0.091109,0.362600,0.00723607,0.208619
003841,0.087346,0.492719,0.01056412,0.192032
003842,0.109654,0.398029,0.00745838,0.196735
003843,0.825800,0.291670,0.01100833,0.277402
003844,0.727234,0.283116,0.00936989,0.285207
003845,0.881152,0.427177,0.01360962,0.219973
003846,0.691925,0.480756,0.01840732,0.184243
003847,0.664062,0.478702,0.01572473,0.150303
003848,0.583798,0.473930,0.01625649,0.176470
003849,0.100049,0.411662,0.00875126,0.206991
003850,0.117188,0.635741,0.01559972,0.182615
003851,0.110485,0.402988,0.01034070,0.237588
003852,0.118996,0.445502,0.00961233,0.177587
003853,0.132812,0.356201,0.00735411,0.187720
003854,0.127178,0.419433,0.00853562,0.174461
003855,0.647354,0.323187,0.01019324,0.199662
003856,0.591329,0.283440,0.00792493,0.195886
003857,0.368515,0.391136,0.01505499,0.224972
003858,0.290747,0.456541,0.00910318,0.191333
003859,0.365271,0.381219,0.00520824,0.167197
003860,0.250122,0.392698,0.00965299,0.218277
003861,0.813438,0.449274,0.01292808,0.196500
003862,0.800695,0.490396,0.01355906,0.163973
003863,0.799971,0.437502,0.01430645,0.216786
003864,0.164248,0.398109,0.00516255,0.149882
003865,0.162568,0.373854,0.00581599,0.178959
003866,0.165728,0.401638,0.00648276,0.177112
003867,0.557815,0.487732,0.01706373,0.222235
003868,0.561305,0.491966,0.01317083,0.192162
003869,0.600293,0.492302,0.01778949,0.217736
003870,0.355104,0.449613,0.00845801,0.166263
003871,0.414357,0.454349,0.01436265,0.223103
003872,0.406325,0.428011,0.00877891,0.180039
003873,0.487452,0.401467,0.01080441,0.233280
003874,0.471088,0.432149,0.01278314,0.236679
003875,0.461533,0.420969,0.01092758,0.217740
003876,0.257931,0.530924,0.01017592,0.190468
003877,0.306983,0.496983,0.00994945,0.186695
003878,0.333750,0.491067,0.01350393,0.234186
003879,0.940750,0.354636,0.00658441,0.198892
003880,0.870314,0.297517,0.00464605,0.197100
003881,0.766262,0.490526,0.00959560,0.173968
003882,0.492683,0.518062,0.01467880,0.200809
003883,0.095043,0.440575,0.00934253,0.180949
003884,0.576486,0.618224,0.01463639,0.173621
003885,0.822838,0.487404,0.01246450,0.151471
003886,0.774069,0.476978,0.01416272,0.175308
003887,0.733294,0.507675,0.01264868,0.151323
003888,0.497123,0.320960,0.00634534,0.217562
003889,0.094399,0.286573,0.00417729,0.189415
003890,0.277426,0.355110,0.00655226,0.207057
003891,0.583798,0.445532,0.01089434,0.191486
003892,0.889734,0.525416,0.02142269,0.240858
003893,0.855317,0.432801,0.01023175,0.195010
003894,0.635891,0.203975,0.00493944,0.248888
003895,0.547154,0.236875,0.00475935,0.230047
003896,0.873639,0.485121,0.01870360,0.233885
003897,0.971393,0.387841,0.00988008,0.245521
003898,1.011319,0.572483,0.01529215,0.170543
003899,1.033054,0.493673,0.01505852,0.219187
003900,0.915930,0.496240,0.01274384,0.163374
003901,0.895477,0.470594,0.01199912,0.155858
003902,0.904700,0.484775,0.01403391,0.189201
003903,0.116141,0.400575,0.00753067,0.190845
003904,0.083048,0.553101,0.01531926,0.204352
003905,0.227101,0.561506,0.00954264,0.163028
003906,0.046875,0.543601,0.01026298,0.170041
003907,0.049411,0.529330,0.01083528,0.179995
003908,0.055243,0.526634,0.00938886,0.173038
003909,0.653734,0.592884,0.02040301,0.213682
003910,0.251582,0.818640,0.02729026,0.167379
003911,0.084143,0.533606,0.01226140,0.179838
003912,0.832425,0.460194,0.01148825,0.169536
003913,0.848691,0.432272,0.01031789,0.174460
003914,0.836266,0.444112,0.01506182,0.225288
003915,0.390625,0.798400,0.02775260,0.136614
003916,0.886263,0.489165,0.01834541,0.235201
003917,0.908403,0.460760,0.01277680,0.208165
003918,0.223716,0.523265,0.00920683,0.160914
003919,0.199180,0.490222,0.00808718,0.165111
003920,0.217911,0.525214,0.01109320,0.180802
003921,0.174693,0.580060,0.01689912,0.186827
003922,0.149258,0.566275,0.01521095,0.200051
003923,0.312500,0.795467,0.02338630,0.138186
003924,0.132812,0.372192,0.00621544,0.196176
003925,0.104816,0.336561,0.00524881,0.182340
003926,0.188959,0.535528,0.01579880,0.218926
003927,0.101863,0.414766,0.01064495,0.237252
003928,0.211082,0.454182,0.00972048,0.187779
003929,0.267000,0.406908,0.00966266,0.213678
003930,0.363428,0.579238,0.01420806,0.176312
003931,0.754220,0.497099,0.01691246,0.210580
003932,0.602374,0.627061,0.02713733,0.222097
003933,0.666997,0.562076,0.02094928,0.223266
003934,0.619606,0.538383,0.01247518,0.176196
003935,0.093750,0.575567,0.01622153,0.199059
003936,0.195312,0.346356,0.00444028,0.168727
003937,0.141490,0.345829,0.00843460,0.237073
003938,0.223716,0.346875,0.00567903,0.189191
003939,0.128847,0.421110,0.01089955,0.226769
003940,0.094075,0.328387,0.00520152,0.190939
003941,0.172937,0.429474,0.01087066,0.222655
003942,0.973840,0.163333,0.00222360,0.323613
003943,0.918093,0.349213,0.00920336,0.234550
003944,0.811034,0.139195,0.00153631,0.293189
003945,0.062500,0.460440,0.00913775,0.193879
003946,0.079672,0.462718,0.01098232,0.206581
003947,0.069877,0.463056,0.01059846,0.212536
003948,0.478862,0.519686,0.00995098,0.172288
003949,0.432519,0.342597,0.00483720,0.173777
003950,0.513787,0.442259,0.00879755,0.184711
003951,0.070312,0.375729,0.00669502,0.199070
003952,0.070312,0.458596,0.00910231,0.196346
003953,0.089076,0.345649,0.00461588,0.169086
003954,0.257931,0.218138,0.00380833,0.249640
003955,0.361238,0.231946,0.00264655,0.200696
003956,0.307777,0.264615,0.00272963,0.178704
003957,0.190086,0.168944,0.00228013,0.232436
003958,0.112673,0.172028,0.00205155,0.208912
003959,0.117448,0.145397,0.00135746,0.204130
003960,0.055243,0.442025,0.01074444,0.202425
003961,0.050024,0.470935,0.00712135,0.161308
003962,0.042072,0.243846,0.00556810,0.227723
003963,0.132812,0.471842,0.00663687,0.154074
003964,0.125973,0.423330,0.00729675,0.181902
003965,0.140842,0.438903,0.00755254,0.177710
003966,0.556006,0.548540,0.01690209,0.197484
003967,0.578969,0.541989,0.01281637,0.164407
003968,0.459811,0.557901,0.01216440,0.157370
003969,0.230700,0.388994,0.00686407,0.177676
003970,0.182385,0.397777,0.00650470,0.170192
003971,0.187663,0.373480,0.00926265,0.227399
003972,0.788250,0.492835,0.00960510,0.167306
003973,0.677214,0.505889,0.01131247,0.175953
003974,0.793228,0.503879,0.01083919,0.168976
003975,0.205515,0.412243,0.00634191,0.176079
003976,0.164248,0.523013,0.01045868,0.182148
003977,0.096635,0.711130,0.02366255,0.201040
003978,0.243319,0.395249,0.01166036,0.209382
003979,0.436452,0.241988,0.00526383,0.220800
003980,0.399126,0.303097,0.00634134,0.190909
003981,0.680047,0.333518,0.00724910,0.218626
003982,0.810582,0.268678,0.00528389,0.219958
003983,0.789681,0.272418,0.00441836,0.208025
003984,0.133042,0.389797,0.00696121,0.187508
003985,0.188150,0.357341,0.00499610,0.177236
003986,0.260755,0.345572,0.00549959,0.185568
003987,0.430326,0.515931,0.01254518,0.174630
003988,0.395285,0.471945,0.01098952,0.175775
003989,0.350171,0.499585,0.01053740,0.165931
003990,0.047522,0.511189,0.00915766,0.170490
003991,0.039836,0.476317,0.01147800,0.208552
003992,0.033146,0.296996,0.00498086,0.182637
003993,0.079672,0.519649,0.01637094,0.208301
003994,0.094075,0.592928,0.01480696,0.181620
003995,0.117188,0.525245,0.01043225,0.169143
003996,0.129320,0.476979,0.01083599,0.192438
003997,0.197797,0.585705,0.01744518,0.206717
003998,0.125244,0.522722,0.00958025,0.168208
003999,0.094075,0.546576,0.01191254,0.187090
004000,0.091109,0.515094,0.00915387,0.174836
004001,0.070312,0.316781,0.00490776,0.202177
004002,0.753005,0.453240,0.01418903,0.213601
004003,0.786312,0.496695,0.01380066,0.186934
004004,0.756845,0.487560,0.01318246,0.201249
004005,0.168649,0.338661,0.00492200,0.183374
004006,0.105106,0.261025,0.00306228,0.172056
004007,0.182385,0.401304,0.00563882,0.166686
004008,0.072028,0.415099,0.01055535,0.220092
004009,0.133500,0.378516,0.00549933,0.172002
004010,0.101863,0.513013,0.00835555,0.161384
004011,0.724838,0.500021,0.01438237,0.203331
004012,0.815649,0.520767,0.01359983,0.174236
004013,0.582228,0.464405,0.00912671,0.173757
004014,0.731293,0.446467,0.01254072,0.200598
004015,0.705897,0.465941,0.01340915,0.190035
004016,0.684876,0.444038,0.00989566,0.162228
004017,0.188959,0.491050,0.00788712,0.165717
004018,0.178152,0.498730,0.01393549,0.213040
004019,0.193428,0.494136,0.01341000,0.211168
004020,0.655180,0.370470,0.00852977,0.222575
004021,0.457815,0.403322,0.01047129,0.214706
004022,0.538156,0.374413,0.00672534,0.162850
004023,0.354674,0.476800,0.01366679,0.214570
004024,0.292526,0.488081,0.01252035,0.194962
004025,0.242313,0.350239,0.00773524,0.233700
004026,0.419990,0.519120,0.01638019,0.216983
004027,0.458548,0.499747,0.01194699,0.186981
004028,0.429759,0.479536,0.01029175,0.177434
004029,0.464368,0.555576,0.01913907,0.208337
004030,0.643904,0.496648,0.01582782,0.198910
004031,0.589313,0.559284,0.01636260,0.185235
004032,0.661899,0.600545,0.02403352,0.185284
004033,0.375650,0.622350,0.01565838,0.151465
004034,0.343839,0.598484,0.01676080,0.162532
004035,0.197797,0.434720,0.01345502,0.222781
004036,0.227101,0.464622,0.00894758,0.172223
004037,0.218889,0.433863,0.00996368,0.194073
004038,0.217069,0.471984,0.01045198,0.207811
004039,0.162568,0.511829,0.01256432,0.205199
004040,0.108816,0.451065,0.01246352,0.222610
004041,0.055243,0.515547,0.00831364,0.161058
004042,0.149258,0.542685,0.01496143,0.214099
004043,0.094075,0.558151,0.01057589,0.152601
004044,0.132812,0.445841,0.00823427,0.172643
004045,0.116141,0.468510,0.01146785,0.203291
004046,0.062500,0.549589,0.01103734,0.172344
004047,0.049411,0.644179,0.01319222,0.165139
004048,0.093750,0.611465,0.01635333,0.193741
004049,0.039836,0.608915,0.01930610,0.208614
004050,0.089076,0.346247,0.00766569,0.211566
004051,0.162568,0.343283,0.00508320,0.171730
004052,0.153888,0.422184,0.00641884,0.166966
004053,0.203275,0.518173,0.01093566,0.180057
004054,0.205069,0.463796,0.00999778,0.187575
004055,0.250122,0.412224,0.00831889,0.194935
004056,0.132812,0.201586,0.00265579,0.202940
004057,0.101562,0.381937,0.00866052,0.226223
004058,0.185207,0.209207,0.00239056,0.184423
004059,0.564342,0.392949,0.00687664,0.177191
004060,0.508353,0.346164,0.00505585,0.178651
004061,0.538609,0.315425,0.00732778,0.226639
004062,0.754746,0.514657,0.01766128,0.230284
004063,0.238505,0.416838,0.01116827,0.220563
004064,0.798291,0.498531,0.01385698,0.202563
004065,0.663741,0.422304,0.01162675,0.215856
004066,0.895477,0.363950,0.00879302,0.229548
004067,0.885022,0.353784,0.00925985,0.232541
004068,0.723869,0.510648,0.01475224,0.158785
004069,0.718495,0.486279,0.01562498,0.177682
004070,0.199180,0.482395,0.01328685,0.206483
004071,0.260169,0.407993,0.00786894,0.180616
004072,0.273438,0.416389,0.01190045,0.219008
004073,0.290642,0.411333,0.00777363,0.167463
004074,0.831545,0.557183,0.02457849,0.199416
004075,0.379289,0.502257,0.02318641,0.230348
004076,0.893260,0.640864,0.03220341,0.144302
004077,0.111036,0.393191,0.00946793,0.215212
004078,0.056876,0.557675,0.01028548,0.155140
004079,0.049411,0.403992,0.00691087,0.174198
004080,0.219307,0.202626,0.00331699,0.254363
004081,0.155074,0.371810,0.00819091,0.214000
004082,0.069877,0.326703,0.00435479,0.165215
004083,0.109654,0.518124,0.01341473,0.194625
004084,0.118225,0.516480,0.01293404,0.198721
004085,0.298515,0.550877,0.01395193,0.197235
004086,0.507812,0.326677,0.00758172,0.233424
004087,0.453731,0.323176,0.00698168,0.216441
004088,0.569884,0.324188,0.00590373,0.209348
004089,0.322118,0.308383,0.00538110,0.210155
004090,0.264358,0.381188,0.00523074,0.168999
004091,0.206847,0.355099,0.00545036,0.184080
004092,0.562554,0.469954,0.01069448,0.172223
004093,0.352949,0.504414,0.01073972,0.171991
004094,0.553145,0.494544,0.01125318,0.173271
004095,0.110485,0.258725,0.00287364,0.169396
004096,0.336301,0.235286,0.00373078,0.228811
004097,0.539572,0.313768,0.00500012,0.195787
004098,0.091109,0.266922,0.00342830,0.183126
004099,0.094075,0.258985,0.00438718,0.181396
004100,0.478671,0.265009,0.00299917,0.180307
004101,0.188150,0.441965,0.00818136,0.165258
004102,0.199180,0.437744,0.01127001,0.198957
004103,0.175564,0.541702,0.01601385,0.203801
004104,0.825024,0.174783,0.00326340,0.264000
004105,0.892473,0.473509,0.02108414,0.235979
004106,0.597541,0.231170,0.00631674,0.243332
004107,0.185207,0.398960,0.00867343,0.218005
004108,0.149258,0.404289,0.00782358,0.198839
004109,0.156250,0.541884,0.01045279,0.162684
004110,0.108535,0.382167,0.00829870,0.209988
004111,0.094399,0.393238,0.00600921,0.180753
004112,0.111858,0.401832,0.00754760,0.208036
004113,0.213383,0.309099,0.00467343,0.179840
004114,0.155663,0.195603,0.00321608,0.214324
004115,0.164248,0.409851,0.00755429,0.177554
004116,0.249267,0.245667,0.00312534,0.185194
004117,0.327939,0.270153,0.00356852,0.174804
004118,0.311032,0.299864,0.00581176,0.206626
004119,0.167741,0.480734,0.01050038,0.188054
004120,0.210938,0.581534,0.01637506,0.199665
004121,0.101863,0.518659,0.01335286,0.195444
004122,1.026326,0.458912,0.00870072,0.174909
004123,1.023706,0.502587,0.01436023,0.241368
004124,1.003686,0.439713,0.00828499,0.191048
004125,0.339192,0.366695,0.00705741,0.195730
004126,0.297286,0.299320,0.00439454,0.193715
004127,0.373124,0.269323,0.00544982,0.237994
004128,1.045270,0.645597,0.02034311,0.189377
004129,0.883365,0.597385,0.01225108,0.142903
004130,0.929983,0.598358,0.02191283,0.211756
004131,0.318784,0.327950,0.00590889,0.189253
004132,0.243319,0.604108,0.01967552,0.210333
004133,0.289906,0.420502,0.01027229,0.209791
004134,0.684831,0.491633,0.01685944,0.186767
004135,0.966353,0.679437,0.02827138,0.108784
004136,0.781250,0.492948,0.02274457,0.226574
004137,0.383529,0.463862,0.01236263,0.189168
004138,0.576274,0.376738,0.00817614,0.182536
004139,0.388117,0.469046,0.01002939,0.154539
004140,0.951106,0.431698,0.01425857,0.205215
004141,0.619606,0.571817,0.01483099,0.186194
004142,0.904227,0.448038,0.01509872,0.219698
004143,0.486638,0.476892,0.01028370,0.182142
004144,0.674821,0.482219,0.01101237,0.197108
004145,0.667775,0.590891,0.01685070,0.191941
004146,0.594572,0.501022,0.01667647,0.215687
004147,0.620344,0.507730,0.01102329,0.158033
004148,0.577544,0.504579,0.01069517,0.157311
004149,0.608072,0.492069,0.01266133,0.186504
004150,0.656994,0.494795,0.01180995,0.168828
004151,0.608072,0.503919,0.01344724,0.186605
004152,0.720531,0.515994,0.01222404,0.186623
004153,0.723869,0.531883,0.01269883,0.185252
004154,0.603386,0.590398,0.01445037,0.170908
004155,0.726268,0.436453,0.00868178,0.167538
004156,0.716241,0.348239,0.00698662,0.178072
004157,0.644851,0.398841,0.01274448,0.234961
004158,0.238121,0.500786,0.00878170,0.167268
004159,0.211082,0.509816,0.01011038,0.174108
004160,0.238121,0.525399,0.01256345,0.181976
004161,0.580285,0.420273,0.00854945,0.169176
004162,0.565962,0.393635,0.00883462,0.196436
004163,0.608072,0.207916,0.00271599,0.240186
004164,0.661899,0.437245,0.00996096,0.206262
004165,0.740706,0.482571,0.01258326,0.215593
004166,0.774423,0.462461,0.00957216,0.195357
004167,0.557377,0.403683,0.00919116,0.211066
004168,0.527676,0.413654,0.01025792,0.218316
004169,0.482608,0.405026,0.00725321,0.188960
004170,0.173466,0.305109,0.00461395,0.190398
004171,0.320408,0.501665,0.01275203,0.188541
004172,0.422526,0.434404,0.00858286,0.180143
004173,0.290327,0.652049,0.01652168,0.176201
004174,0.179688,0.546224,0.01147481,0.175999
004175,0.188150,0.593879,0.01330167,0.172554
004176,0.136439,0.407612,0.00639807,0.171524
004177,0.178152,0.433714,0.00898763,0.201402
004178,0.199180,0.412974,0.00619259,0.173348
004179,0.087346,0.587588,0.01285464,0.173367
004180,0.078515,0.647022,0.02069035,0.196641
004181,0.072028,0.505326,0.01512593,0.195962
004182,0.314447,0.523279,0.01503509,0.203349
004183,0.599937,0.461444,0.01072760,0.173808
004184,0.411178,0.386727,0.01105292,0.233254
004185,0.266657,0.466791,0.00767606,0.160505
004186,0.242691,0.447091,0.00973345,0.198942
004187,0.227772,0.466937,0.01173011,0.201142
004188,0.187825,0.496603,0.00848107,0.165669
004189,0.171342,0.501417,0.01341491,0.203737
004190,0.187825,0.524115,0.01321338,0.194499
004191,0.829303,0.400544,0.01234492,0.224617
004192,0.806619,0.368672,0.01309170,0.253837
004193,0.828272,0.407679,0.01101187,0.188672
004194,0.429971,0.427958,0.00916954,0.187032
004195,0.396672,0.438486,0.00792960,0.173175
004196,0.367271,0.625084,0.01983449,0.191888
004197,0.200098,0.457710,0.00995302,0.188739
004198,0.212523,0.483024,0.01101581,0.182770
004199,0.222210,0.487023,0.01086313,0.181189
004200,0.052408,0.275144,0.00612461,0.182241
004201,0.234505,0.373127,0.00592380,0.168965
004202,0.100049,0.713341,0.02535368,0.206145
004203,0.105106,0.412055,0.00608282,0.172990
004204,0.171875,0.563019,0.01589466,0.193698
004205,0.087346,0.471711,0.01088003,0.210484
004206,0.825024,0.399646,0.00936069,0.186572
004207,0.800695,0.423646,0.01093847,0.192455
004208,0.868453,0.425154,0.01121116,0.187979
004209,0.199640,0.324423,0.00430005,0.178511
004210,0.172052,0.452198,0.01075851,0.211215
004211,0.097890,0.366599,0.00694865,0.190013
004212,0.247053,0.493818,0.00874804,0.154943
004213,0.270746,0.504007,0.00970380,0.168589
004214,0.241177,0.469970,0.01324401,0.216409
004215,0.469010,0.221339,0.00290375,0.214737
004216,0.194058,0.431251,0.01143626,0.207156
004217,0.143418,0.330474,0.00494418,0.164044
004218,0.615206,0.467618,0.01410794,0.228081
004219,1.016526,0.362817,0.00712038,0.197259
004220,0.697722,0.580199,0.01260564,0.164930
004221,0.856529,0.433598,0.00734170,0.192587
004222,0.315319,0.452237,0.00900470,0.202128
004223,0.943632,0.499718,0.00937634,0.195372
004224,0.273438,0.365742,0.00954896,0.218059
004225,0.115350,0.390583,0.00627774,0.170007
004226,0.195312,0.387792,0.00657995,0.171422
004227,0.484249,0.565727,0.01382341,0.175190
004228,0.325229,0.562351,0.02189961,0.232381
004229,0.431459,0.557570,0.01351647,0.182884
004230,0.205069,0.347883,0.00764370,0.192109
004231,0.311914,0.265882,0.00480404,0.201668
004232,0.285129,0.205193,0.00298643,0.197780
004233,0.817630,0.391540,0.00653732,0.167940
004234,0.050024,0.271672,0.00334359,0.171712
004235,0.054688,0.296669,0.00377795,0.182047
004236,0.164248,0.398186,0.00751169,0.176141
004237,0.164248,0.405329,0.00996066,0.206701
004238,0.170628,0.470948,0.00940523,0.173774
004239,0.375732,0.447089,0.00919837,0.200179
004240,0.455074,0.531698,0.01804018,0.213193
004241,0.377918,0.531184,0.01024461,0.160901
004242,0.644472,0.337015,0.00668488,0.216036
004243,0.541998,0.244575,0.00560820,0.267283
004244,0.484627,0.314230,0.00690127,0.207756
004245,0.807754,0.482886,0.01652160,0.226248
004246,0.872380,0.484074,0.01190182,0.184326
004247,0.874581,0.464130,0.01164295,0.190095
004248,0.888738,0.435214,0.01509644,0.239074
004249,0.873639,0.476552,0.01499595,0.221432
004250,0.795649,0.426154,0.01364334,0.237775
004251,0.393195,0.319911,0.00636146,0.191747
004252,0.387330,0.347805,0.00756843,0.201048
004253,0.397748,0.409750,0.01041015,0.197546
004254,0.255912,0.353513,0.00516502,0.175423
004255,0.283950,0.364495,0.00474237,0.170509
004256,0.240671,0.363850,0.00618089,0.196412
004257,0.125000,0.077292,0.00122511,0.225199
004258,0.122035,0.282807,0.00331384,0.166724
004259,0.119508,0.336249,0.00473034,0.184338
004260,0.238121,0.494278,0.01067238,0.193154
004261,0.421151,0.379795,0.00820691,0.203955
004262,0.387960,0.408798,0.00936499,0.219422
004263,0.086292,0.440683,0.00860804,0.196665
004264,0.083048,0.462889,0.00759367,0.174694
004265,0.095043,0.394451,0.00621277,0.178562
004266,0.590968,0.640826,0.01776301,0.139853
004267,0.512657,0.641837,0.01931047,0.169149
004268,0.511406,0.654186,0.02284977,0.186871
004269,0.410138,0.325188,0.00636178,0.209342
004270,0.286518,0.456917,0.01019734,0.196050
004271,0.391561,0.345968,0.00623568,0.190109
004272,0.242691,0.609353,0.01774798,0.195476
004273,0.232282,0.559367,0.01786769,0.210473
004274,0.227101,0.536510,0.01743307,0.215662
004275,0.569027,0.492297,0.01242901,0.171329
004276,0.561251,0.457698,0.00988909,0.156908
004277,0.554908,0.446659,0.01008644,0.174925
004278,0.417658,0.497106,0.01651048,0.229110
004279,0.468750,0.502978,0.01156452,0.188650
004280,0.415828,0.514739,0.01184236,0.175418
004281,0.979683,0.479847,0.01922291,0.233466
004282,0.981270,0.473178,0.01795620,0.232092
004283,0.984654,0.477623,0.01837955,0.224140
004284,1.044453,0.406989,0.00847732,0.217327
004285,1.023914,0.460866,0.01078085,0.208896
004286,1.007934,0.447189,0.01162533,0.227773
004287,0.234375,0.477637,0.00819803,0.161081
004288,0.094075,0.434500,0.00912419,0.191584
004289,0.076944,0.448284,0.00817145,0.175809
004290,0.188150,0.375028,0.00796257,0.220699
004291,0.155663,0.382563,0.00734327,0.197601
004292,0.164248,0.365611,0.00683898,0.200334
004293,0.220971,0.600931,0.01396299,0.172733
004294,0.199180,0.629229,0.01684892,0.179268
004295,0.220971,0.625356,0.01839174,0.190220
004296,0.102757,0.412783,0.00607854,0.177608
004297,0.101562,0.381456,0.00528072,0.183277
004298,0.091109,0.419843,0.00843661,0.192422
004299,0.084143,0.447528,0.00851015,0.180077
004300,0.083048,0.481855,0.01250727,0.207779
004301,0.084505,0.446544,0.00844606,0.183414
004302,0.133500,0.436093,0.00929854,0.196860
004303,0.125000,0.531372,0.01606872,0.213501
004304,0.179857,0.477883,0.00967599,0.175752
004305,0.868840,0.173944,0.00222787,0.312614
004306,0.971801,0.426849,0.01157750,0.231146
004307,0.873219,0.259324,0.00482975,0.246696
004308,0.203725,0.590724,0.01518622,0.184811
004309,0.421875,0.787089,0.02348103,0.175106
004310,0.711581,0.643992,0.01629225,0.175696
004311,1.034677,0.435974,0.01091334,0.214139
004312,1.015294,0.518339,0.01309102,0.202119
004313,0.999328,0.491829,0.01357192,0.215643
004314,0.229905,0.476010,0.01241726,0.211604
004315,0.138217,0.406069,0.00658004,0.173975
004316,0.178152,0.430159,0.00907916,0.194625
004317,0.136663,0.413036,0.00609727,0.176416
004318,0.101863,0.331217,0.00797737,0.236863
004319,0.130961,0.468651,0.01032600,0.199988
004320,0.118225,0.443874,0.00919112,0.185730
004321,0.179688,0.372574,0.00580360,0.186852
004322,0.141490,0.535288,0.01484903,0.195643
004323,0.547377,0.543709,0.01332431,0.168720
004324,0.560162,0.561453,0.01693444,0.196034
004325,0.500549,0.566125,0.01372287,0.170167
004326,0.320693,0.802875,0.03758145,0.196682
004327,0.115350,0.491126,0.00806348,0.167736
004328,0.094399,0.565339,0.01705206,0.213199
004329,0.062500,0.407991,0.00603274,0.172257
004330,0.070745,0.603957,0.01757783,0.199371
004331,0.052408,0.398580,0.00782985,0.192229
004332,0.175564,0.484948,0.00883365,0.170720
004333,0.159344,0.490262,0.00906863,0.172314
004334,0.160299,0.500551,0.00882973,0.169000
004335,0.858416,0.515786,0.00969967,0.185706
004336,1.046788,0.515614,0.01121795,0.177798
004337,1.030214,0.573107,0.01904229,0.212554
004338,0.061018,0.347323,0.00461967,0.171405
004339,0.056337,0.247940,0.00376537,0.206743
004340,0.055243,0.380285,0.00553714,0.172733
004341,0.684876,0.510024,0.01177118,0.171570
004342,0.778315,0.480054,0.01404951,0.194911
004343,0.783941,0.443962,0.01363024,0.212868
004344,0.244070,0.478078,0.00915598,0.174003
004345,0.289484,0.410054,0.00641889,0.166488
004346,0.140842,0.598533,0.01385767,0.169917
004347,0.094075,0.389572,0.00541490,0.172959
004348,0.086292,0.450397,0.00715263,0.175932
004349,0.080435,0.388373,0.00809179,0.206435
004350,0.116141,0.390053,0.00794922,0.200226
004351,0.128847,0.317281,0.00528085,0.207841
004352,0.109654,0.466049,0.00806436,0.179282
004353,0.608021,0.390752,0.01310356,0.247444
004354,0.678384,0.407056,0.01023677,0.213448
004355,0.661161,0.406519,0.01246141,0.236138
004356,0.062500,0.483581,0.00898260,0.170346
004357,0.087346,0.536445,0.01036220,0.173783
004358,0.113752,0.543308,0.01003664,0.173878
004359,0.220556,0.579243,0.01909628,0.209176
004360,0.227101,0.586604,0.01170082,0.158708
004361,0.222348,0.640082,0.01516558,0.168112
004362,0.232282,0.678361,0.01557374,0.162256
004363,0.188798,0.606238,0.01314313,0.171634
004364,0.255075,0.657080,0.01948977,0.194383
004365,0.080435,0.413867,0.00867180,0.200460
004366,0.094399,0.552423,0.01176781,0.189763
004367,0.056876,0.364019,0.00735184,0.204099
004368,0.570740,0.424103,0.00853566,0.188207
004369,0.406550,0.462511,0.01013469,0.189228
004370,0.373451,0.440014,0.00904623,0.195650
004371,0.328961,0.373333,0.00582988,0.164509
004372,0.324947,0.273932,0.00432667,0.195695
004373,0.240671,0.276280,0.00436388,0.197242
004374,0.208464,0.432136,0.00695551,0.166313
004375,0.178152,0.651309,0.01625820,0.173834
004376,0.211082,0.392026,0.00873498,0.207407
004377,0.432166,0.220648,0.00333154,0.244766
004378,0.034939,0.387144,0.00838591,0.195766
004379,0.156250,0.368838,0.00848088,0.231054
004380,0.563855,0.391476,0.00932326,0.233274
004381,0.917794,0.282837,0.00484659,0.197856
004382,0.771225,0.275165,0.00372070,0.170408
004383,0.946603,0.463365,0.01035899,0.230382
004384,1.025939,0.593977,0.01572686,0.158823
004385,0.957916,0.429417,0.00915551,0.210487
004386,0.335574,0.390512,0.00804788,0.201604
004387,0.373124,0.674157,0.02331398,0.190264
004388,0.373859,0.655347,0.01516379,0.157263
004389,0.773398,0.601844,0.01531278,0.177338
004390,0.748085,0.552110,0.01348496,0.169663
004391,0.783162,0.410475,0.00972266,0.212321
004392,0.151691,0.446536,0.00769583,0.173081
004393,0.187825,0.472842,0.01101253,0.193876
004394,0.214524,0.402428,0.00775572,0.189623
004395,0.554908,0.534462,0.01537796,0.202474
004396,0.640911,0.505083,0.01285393,0.179673
004397,0.576222,0.524200,0.01635280,0.197983
004398,0.566177,0.566028,0.01485189,0.181172
004399,0.542224,0.556418,0.01802091,0.206505
004400,0.550268,0.563827,0.01763254,0.203699
004401,0.459545,0.273888,0.00474651,0.209260
004402,0.409318,0.254853,0.00554081,0.246360
004403,0.423463,0.265028,0.00485666,0.225288
004404,0.657968,0.333172,0.00575948,0.195924
004405,0.688077,0.358461,0.00798546,0.207425
004406,0.697416,0.338193,0.00652321,0.208145
004407,0.181714,0.479578,0.01093460,0.189531
004408,0.243319,0.478002,0.01059382,0.195055
004409,0.237222,0.439687,0.01118731,0.211173
004410,0.559017,0.412516,0.00831748,0.181443
004411,0.615206,0.413619,0.00881015,0.192548
004412,0.615206,0.418094,0.01224270,0.229734
004413,0.473479,0.387852,0.00678290,0.194114
004414,0.261923,0.284383,0.00335667,0.177736
004415,0.428265,0.291598,0.00403079,0.212491
004416,0.583798,0.423482,0.00762931,0.176211
004417,0.548713,0.428268,0.00767013,0.184879
004418,0.892302,0.474053,0.00955888,0.185679
004419,0.218889,0.475565,0.01115127,0.195170
004420,0.089076,0.453169,0.01114886,0.199679
004421,0.130961,0.560002,0.01556283,0.202279
004422,0.724880,0.440411,0.01060784,0.200823
004423,0.719132,0.391088,0.00687755,0.188974
004424,0.481722,0.389069,0.00830671,0.206530
004425,0.217911,0.471065,0.00734370,0.152249
004426,0.257931,0.479331,0.01256689,0.204792
004427,0.211515,0.447446,0.00747387,0.172995
004428,0.415240,0.495969,0.01215751,0.184010
004429,0.310147,0.521524,0.01470489,0.196308
004430,0.392573,0.506526,0.01018334,0.164075
004431,0.200250,0.423233,0.00818276,0.191171
004432,0.251582,0.386277,0.00701718,0.192853
004433,0.244195,0.405813,0.00647379,0.179008
004434,0.554853,0.482143,0.01283272,0.199698
004435,0.552206,0.496842,0.01381320,0.199988
004436,0.554192,0.491874,0.00949505,0.161458
004437,0.234505,0.263458,0.00413805,0.215108
004438,0.117188,0.224851,0.00267637,0.194623
004439,0.140625,0.290232,0.00389786,0.184003
004440,0.087346,0.546258,0.01060173,0.164079
004441,0.105106,0.719460,0.01828003,0.173862
004442,0.074116,0.513370,0.01434851,0.214531
004443,0.244195,0.368091,0.00704705,0.200413
004444,0.171342,0.684096,0.02649022,0.214300
004445,0.214524,0.421013,0.00819884,0.186099
004446,0.212236,0.528958,0.01310407,0.181176
004447,0.508773,0.481568,0.01169658,0.177983
004448,0.528139,0.487657,0.01474811,0.200457
004449,0.150073,0.263979,0.00367466,0.205856
004450,0.163130,0.198813,0.00332708,0.250928
004451,0.117188,0.351391,0.00806552,0.219048
004452,0.148232,0.336288,0.00502953,0.194431
004453,0.172052,0.388039,0.00538549,0.167871
004454,0.106261,0.353634,0.00683990,0.209180
004455,0.081565,0.358697,0.00731325,0.221509
004456,0.101562,0.481572,0.00924139,0.179043
004457,0.076944,0.434980,0.00782151,0.180424
004458,0.973840,0.463457,0.01595804,0.206248
004459,0.975812,0.466813,0.01582609,0.215412
004460,0.968025,0.475392,0.01387388,0.196793
004461,1.060660,0.457037,0.00973962,0.208699
004462,1.076454,0.478647,0.01329455,0.202534
004463,1.069171,0.496682,0.01006624,0.187581
004464,0.395362,0.251288,0.00414002,0.181527
004465,0.160299,0.574440,0.01587486,0.194303
004466,0.366189,0.272550,0.00533438,0.202817
004467,0.286518,0.554316,0.01417156,0.187493
004468,0.375081,0.490141,0.01285713,0.206477
004469,0.237222,0.508528,0.01435686,0.201915
004470,0.478288,0.464037,0.01156181,0.193971
004471,0.447500,0.496767,0.01444886,0.199845
004472,0.382812,0.487828,0.01036024,0.171129
004473,0.895477,0.474596,0.01530679,0.183848
004474,0.918093,0.494004,0.01539169,0.175255
004475,0.880701,0.483509,0.01539169,0.194237
004476,0.116141,0.527447,0.01123808,0.181158
004477,0.130961,0.768348,0.02433122,0.184591
004478,0.125973,0.734659,0.02686992,0.206380
004479,0.106261,0.465753,0.00773303,0.177727
004480,0.216083,0.455732,0.01061722,0.205341
004481,0.188150,0.466975,0.01250778,0.225430
004482,0.223716,0.509298,0.01509318,0.215306
004483,0.252430,0.483000,0.01099141,0.191739
004484,0.222348,0.502400,0.00851931,0.156664
004485,0.066750,0.444313,0.00891532,0.190235
004486,0.069877,0.347862,0.00443115,0.168676
004487,0.072028,0.378062,0.00501031,0.165156
004488,0.276103,0.411994,0.00942888,0.212181
004489,0.223716,0.323503,0.00425807,0.169151
004490,0.216083,0.427319,0.00905832,0.196200
004491,0.835061,0.295442,0.01012265,0.263232
004492,0.807754,0.246530,0.00759004,0.294824
004493,0.776313,0.414666,0.01326753,0.205143
004494,0.585938,0.498654,0.01087568,0.168878
004495,0.567899,0.473029,0.01258030,0.196319
004496,0.555567,0.472077,0.01140703,0.174018
004497,0.461202,0.377764,0.00643101,0.189042
004498,0.318784,0.228466,0.00275314,0.182613
004499,0.484942,0.222899,0.00321223,0.188691
004500,0.143418,0.476559,0.01588327,0.217077
004501,0.133042,0.392550,0.01228068,0.231423
004502,0.119508,0.441029,0.01082381,0.183509
004503,0.183053,0.495157,0.00839588,0.164048
004504,0.178152,0.527842,0.01534801,0.210389
004505,0.150073,0.497679,0.01085149,0.184564
004506,0.653127,0.469436,0.01464310,0.216764
004507,0.312500,0.595658,0.01308751,0.165524
004508,0.223443,0.514969,0.01041831,0.167393
004509,0.407450,0.361509,0.00668050,0.185636
004510,0.650317,0.386119,0.00733598,0.194607
004511,0.646883,0.362431,0.00799398,0.202855
004512,0.182217,0.496464,0.01209864,0.200354
004513,0.175564,0.515679,0.01282486,0.188599
004514,0.187663,0.534651,0.01023405,0.168222
004515,0.130026,0.406702,0.00564997,0.167822
004516,0.175564,0.422461,0.00930739,0.192988
004517,0.166096,0.325964,0.00352357,0.173518
004518,0.185207,0.362458,0.00637095,0.163612
004519,0.213383,0.404113,0.00886888,0.191431
004520,0.176258,0.401133,0.01044798,0.203040
004521,0.078515,0.342999,0.00421017,0.157646
004522,0.100049,0.439276,0.00693237,0.169631
004523,0.105106,0.381550,0.00631245,0.186514
004524,0.928143,0.342265,0.01126770,0.281317
004525,0.992218,0.440552,0.01375874,0.239317
004526,0.927321,0.349371,0.01038778,0.258994
004527,0.398438,0.530769,0.01284509,0.180564
004528,0.381535,0.389491,0.00657948,0.178241
004529,0.148438,0.414925,0.00908240,0.196907
004530,1.027722,0.653035,0.01394642,0.127850
004531,0.062500,0.499367,0.00838870,0.168138
004532,0.293671,0.618892,0.01151217,0.169784
004533,0.095043,0.327797,0.00446586,0.167099
004534,0.093750,0.254697,0.00318089,0.172803
004535,0.094075,0.428398,0.01118933,0.220866
004536,0.415901,0.320865,0.00490443,0.178796
004537,0.305588,0.217474,0.00292344,0.191625
004538,0.388824,0.315851,0.00609515,0.203728
004539,0.397824,0.396000,0.00787291,0.206741
004540,0.265740,0.419756,0.00853595,0.191404
004541,0.440281,0.312378,0.00475613,0.197870
004542,0.959380,0.429178,0.01929454,0.212152
004543,0.954021,0.428974,0.01491614,0.180298
004544,0.970764,0.429899,0.01964428,0.229342
004545,0.244070,0.615255,0.02185366,0.217846
004546,0.187825,0.602082,0.01499804,0.184973
004547,0.258876,0.671716,0.01859276,0.180574
004548,0.742557,0.605807,0.01219223,0.140922
004549,0.574205,0.607112,0.01850550,0.203708
004550,0.563205,0.584862,0.01651662,0.190769
004551,0.101562,0.325494,0.00706510,0.166264
004552,0.084143,0.275053,0.00628059,0.194312
004553,0.079672,0.631868,0.01414535,0.157809
004554,0.233069,0.604708,0.01388875,0.182117
004555,0.210358,0.502915,0.01098021,0.189317
004556,0.178152,0.674170,0.01601036,0.176133
004557,0.587238,0.412950,0.00980970,0.160936
004558,0.637569,0.408768,0.01531367,0.231526
004559,0.628554,0.382126,0.00950821,0.177260
004560,0.328218,0.395912,0.00851290,0.200376
004561,0.296978,0.433413,0.00678773,0.162154
004562,0.333750,0.406913,0.00808381,0.192610
004563,0.084505,0.510218,0.01158535,0.190135
004564,0.086292,0.531123,0.01636124,0.226550
004565,0.093750,0.528028,0.01443241,0.210890
004566,0.780703,0.378979,0.00876409,0.205219
004567,0.854817,0.406974,0.00777721,0.187101
004568,0.883676,0.401682,0.01170078,0.243330
004569,0.513787,0.465116,0.01259809,0.163382
004570,0.822690,0.290391,0.00836194,0.203405
004571,0.614412,0.324014,0.01003030,0.201703
004572,0.200098,0.390804,0.00610304,0.177185
004573,0.206847,0.404608,0.00903075,0.209158
004574,0.205069,0.380675,0.00567635,0.169465
004575,0.073703,0.412172,0.00553116,0.167598
004576,0.064424,0.384606,0.00754819,0.203092
004577,0.052408,0.372881,0.00524180,0.173587
004578,0.449881,0.475907,0.01024919,0.185885
004579,0.359884,0.492726,0.00998497,0.181624
004580,0.273438,0.414382,0.00985251,0.199159
004581,0.176777,0.415301,0.00888695,0.195960
004582,0.070745,0.300327,0.00351352,0.168613
004583,0.338922,0.500656,0.00967057,0.167513
004584,0.066750,0.546423,0.01715457,0.226096
004585,0.064424,0.572445,0.01462647,0.199255
004586,0.074116,0.565644,0.01171055,0.175505
004587,0.148438,0.472253,0.01090039,0.196995
004588,0.136439,0.525642,0.00852114,0.168001
004589,0.086292,0.400533,0.00975159,0.207256
004590,1.069400,0.452598,0.01451018,0.209483
004591,1.062529,0.468560,0.01219178,0.190697
004592,1.014573,0.474575,0.01116641,0.183006
004593,0.890762,0.286624,0.00781180,0.263348
004594,0.761669,0.253599,0.00461002,0.234236
004595,0.744200,0.157991,0.00241212,0.257592
004596,0.178152,0.353312,0.00466666,0.163262
004597,0.228173,0.367770,0.00559243,0.172379
004598,0.200859,0.285624,0.00348967,0.182443
004599,0.673010,0.362520,0.00795552,0.198590
004600,0.812650,0.395209,0.01007598,0.220240
004601,0.688299,0.439775,0.01005542,0.190032
004602,0.052408,0.371425,0.00865073,0.226537
004603,0.059498,0.376043,0.00835970,0.210999
004604,0.055243,0.462949,0.01177845,0.213735
004605,0.846999,0.286062,0.00832385,0.297313
004606,0.800124,0.315226,0.00700760,0.233396
004607,0.679688,0.272227,0.00589877,0.233065
004608,0.811184,0.422066,0.00909708,0.204099
004609,0.860652,0.665868,0.01868672,0.134879
004610,0.844112,0.630511,0.02300807,0.211329
004611,0.627388,0.544944,0.01572848,0.176020
004612,0.485696,0.540826,0.01174284,0.159288
004613,0.604447,0.531073,0.01249503,0.165144
004614,0.258640,0.541725,0.01174234,0.178411
004615,0.255075,0.571005,0.01068226,0.157328
004616,0.213240,0.606378,0.01675796,0.188431
004617,0.117188,0.281755,0.00525500,0.215226
004618,0.117448,0.250133,0.00377930,0.198458
004619,0.149258,0.294975,0.00326159,0.154947
004620,0.195312,0.349937,0.00472885,0.163842
004621,0.113752,0.239658,0.00275694,0.182582
004622,0.056337,0.268007,0.00371931,0.171616
004623,0.206404,0.506720,0.01102407,0.190868
004624,0.180366,0.510604,0.00818663,0.159077
004625,0.180366,0.467309,0.00897843,0.186433
004626,0.070745,0.313038,0.00341233,0.160664
004627,0.052408,0.349886,0.00639253,0.204653
004628,0.072028,0.349042,0.00598244,0.198740
004629,0.999084,0.380072,0.01067279,0.243739
004630,0.943503,0.430031,0.00850787,0.194190
004631,0.956991,0.449600,0.01036093,0.209714
004632,0.905239,0.532598,0.01863799,0.205674
004633,0.858558,0.519448,0.01957789,0.230998
004634,0.884988,0.492610,0.01619615,0.206618
004635,0.204473,0.574192,0.01180611,0.169216
004636,0.163130,0.693566,0.02229621,0.197413
004637,0.179857,0.547672,0.00987150,0.159371
004638,0.536395,0.427378,0.00829237,0.183529
004639,0.325135,0.395944,0.00762130,0.192483
004640,0.182385,0.342411,0.00787800,0.220999
004641,0.862388,0.563573,0.01343112,0.160721
004642,0.957629,0.261267,0.00619269,0.242006
004643,0.894762,0.438009,0.00880528,0.182335
004644,0.141490,0.628224,0.01626213,0.174421
004645,0.551377,0.507452,0.01725491,0.222953
004646,0.106261,0.611439,0.01564497,0.179824
004647,0.078515,0.374974,0.00681007,0.195139
004648,0.080435,0.298286,0.00480042,0.212138
004649,0.101562,0.378514,0.00637386,0.206117
004650,0.437779,0.418132,0.01010932,0.216424
004651,0.101562,0.407619,0.00845112,0.204473
004652,0.066291,0.681005,0.01487363,0.159945
004653,0.111858,0.469392,0.01024157,0.190928
004654,0.125244,0.397943,0.01007956,0.215512
004655,0.179857,0.406709,0.00626851,0.181449
004656,0.867328,0.479549,0.01602315,0.213901
004657,0.984654,0.485102,0.01470835,0.185747
004658,0.888429,0.552820,0.01467377,0.162060
004659,1.001007,0.439634,0.00945662,0.199277
004660,1.014452,0.636751,0.01525623,0.135717
004661,0.999908,0.623750,0.02319062,0.202555
004662,0.195781,0.260968,0.00276592,0.161268
004663,0.171875,0.276030,0.00405503,0.196396
004664,0.150884,0.255451,0.00457346,0.213570
004665,0.884988,0.455536,0.00835373,0.188935
004666,0.654481,0.450650,0.00738822,0.176993
004667,0.895205,0.491074,0.01095720,0.189080
004668,1.016376,0.334908,0.00816021,0.238043
004669,0.894352,0.391447,0.01055838,0.211216
004670,1.038798,0.388452,0.01084792,0.235988
004671,0.531307,0.498357,0.00970860,0.177220
004672,0.510211,0.543517,0.01097983,0.179672
004673,0.503467,0.534785,0.00889246,0.160145
004674,0.856280,0.485303,0.00993588,0.177583
004675,0.853853,0.463138,0.01243572,0.208418
004676,0.835974,0.496199,0.01018502,0.176200
004677,0.132812,0.536382,0.01163470,0.175337
004678,0.167012,0.518829,0.01244272,0.186380
004679,0.201617,0.687279,0.02101003,0.189900
004680,0.681302,0.609404,0.01872444,0.173291
004681,0.706459,0.590037,0.01454659,0.154515
004682,0.718792,0.597021,0.01529652,0.158076
004683,0.843750,0.389263,0.00886750,0.219502
004684,0.759140,0.360516,0.00811427,0.217470
004685,0.954277,0.460002,0.01085335,0.180711
004686,1.077389,0.478884,0.01301369,0.189434
004687,1.066885,0.522512,0.01606910,0.191589
004688,1.036003,0.520320,0.01505301,0.209305
004689,0.078515,0.387852,0.00552527,0.175488
004690,0.062986,0.473896,0.01265408,0.208149
004691,0.070312,0.325883,0.00715630,0.219384
004692,0.474573,0.492875,0.01517489,0.175920
004693,0.434139,0.512236,0.01443016,0.174245
004694,0.568222,0.481478,0.01464638,0.152914
004695,0.475986,0.395325,0.00761468,0.186353
004696,0.464696,0.387504,0.00929382,0.210826
004697,0.461401,0.392436,0.00702865,0.175683
004698,0.188959,0.647448,0.01570012,0.175365
004699,0.125244,0.410592,0.01043907,0.208201
004700,0.128135,0.432480,0.01036074,0.209789
004701,0.277426,0.467835,0.01464731,0.200098
004702,0.284379,0.527384,0.01712426,0.191663
004703,0.312598,0.501452,0.01938389,0.211284
004704,0.426265,0.467693,0.01237910,0.206465
004705,0.391561,0.489962,0.01305334,0.196773
004706,0.400500,0.445779,0.01354036,0.226923
004707,0.227101,0.502511,0.00865377,0.159550
004708,0.243319,0.526240,0.01072357,0.173192
004709,0.247053,0.508645,0.01113697,0.181002
004710,0.267000,0.323492,0.00561598,0.198733
004711,0.195312,0.411069,0.00686230,0.187588
004712,0.406025,0.367259,0.00543483,0.176532
004713,0.768529,0.400262,0.00660863,0.168397
004714,1.029858,0.449395,0.01028478,0.164220
004715,0.054688,0.445058,0.00971378,0.190728
004716,0.087346,0.458503,0.00948988,0.191984
004717,0.095043,0.447006,0.00751663,0.172937
004718,0.089076,0.424653,0.00938059,0.206223
004719,0.403612,0.393534,0.00766136,0.195892
004720,0.479690,0.407124,0.00722867,0.168563
004721,0.448658,0.387810,0.00689687,0.174331
004722,0.144055,0.536153,0.01712039,0.207624
004723,0.262039,0.578409,0.01183956,0.158843
004724,0.312500,0.539740,0.01080838,0.158983
004725,0.072028,0.376982,0.00681984,0.205395
004726,0.062986,0.415762,0.00887188,0.204167
004727,0.066750,0.399684,0.00954287,0.218375
004728,0.139098,0.393450,0.00883589,0.212219
004729,0.148438,0.394193,0.00777979,0.206136
004730,0.172052,0.548461,0.00950769,0.164020
004731,0.047522,0.269745,0.00491885,0.209259
004732,0.072028,0.345476,0.00402905,0.165399
004733,0.070312,0.371241,0.00689004,0.196722
004734,0.374430,0.306538,0.00553848,0.195394
004735,0.509492,0.169943,0.00226677,0.240569
004736,0.300654,0.334581,0.00587157,0.190967
004737,0.922173,0.422890,0.00936029,0.232118
004738,0.296978,0.322969,0.00486876,0.213007
004739,0.078125,0.354238,0.00403349,0.173882
004740,0.559290,0.479268,0.01040998,0.176269
004741,0.470050,0.498829,0.01313752,0.197124
004742,0.498349,0.448995,0.00979283,0.189311
004743,1.008418,0.371591,0.00984769,0.229869
004744,0.891105,0.393003,0.00889815,0.186107
004745,0.855888,0.219562,0.00534915,0.280042
004746,0.507812,0.391253,0.00670173,0.167044
004747,0.585051,0.397302,0.01114330,0.234544
004748,0.453731,0.381329,0.00716674,0.180295
004749,0.409616,0.336254,0.00512094,0.175940
004750,0.147406,0.538013,0.00936126,0.157225
004751,0.480897,0.294156,0.00378915,0.172198
004752,0.056876,0.334357,0.00472540,0.176469
004753,0.070745,0.280918,0.00495745,0.209986
004754,0.073703,0.371215,0.00695781,0.207061
004755,0.801762,0.193219,0.00365327,0.265269
004756,0.679688,0.388109,0.01038209,0.210404
004757,0.789990,0.264470,0.00678598,0.247671
004758,0.742188,0.557040,0.01312033,0.159705
004759,0.790917,0.433550,0.01002201,0.210656
004760,0.721462,0.503352,0.01378731,0.186318
004761,0.072028,0.445479,0.00816949,0.179888
004762,0.101863,0.514811,0.01100134,0.180728
004763,0.161059,0.508165,0.00967722,0.181557
004764,0.321738,0.217857,0.00340436,0.227505
004765,0.086292,0.279639,0.00419595,0.178494
004766,0.066750,0.297236,0.00355188,0.160074
004767,0.585521,0.544654,0.01304137,0.167245
004768,0.562771,0.563171,0.01321405,0.162442
004769,0.573514,0.578765,0.01483099,0.171389
004770,0.884574,0.501726,0.01476589,0.185549
004771,0.830627,0.491416,0.01703610,0.228965
004772,0.886779,0.481387,0.01220968,0.173412
004773,0.078515,0.339208,0.00587264,0.214866
004774,0.062500,0.404401,0.00611013,0.174220
004775,0.062986,0.336121,0.00412977,0.169274
004776,0.638621,0.391543,0.01003382,0.199451
004777,0.669554,0.450277,0.01239976,0.194091
004778,0.679732,0.356240,0.00945725,0.213563
004779,0.445381,0.452859,0.01379828,0.223581
004780,0.387881,0.477990,0.01258921,0.204204
004781,0.271196,0.592729,0.01706155,0.194929
004782,0.822987,0.436557,0.00998154,0.204431
004783,0.694434,0.427010,0.00811642,0.182666
004784,0.884505,0.429545,0.00920247,0.196842
